-- MySQL dump 10.13  Distrib 5.7.13, for Linux (x86_64)
--
-- Host: localhost    Database: waf_project
-- ------------------------------------------------------
-- Server version	5.7.13-0ubuntu0.16.04.2

/*!40101 SET @OLD_CHARACTER_SET_CLIENT=@@CHARACTER_SET_CLIENT */;
/*!40101 SET @OLD_CHARACTER_SET_RESULTS=@@CHARACTER_SET_RESULTS */;
/*!40101 SET @OLD_COLLATION_CONNECTION=@@COLLATION_CONNECTION */;
/*!40101 SET NAMES utf8 */;
/*!40103 SET @OLD_TIME_ZONE=@@TIME_ZONE */;
/*!40103 SET TIME_ZONE='+00:00' */;
/*!40014 SET @OLD_UNIQUE_CHECKS=@@UNIQUE_CHECKS, UNIQUE_CHECKS=0 */;
/*!40014 SET @OLD_FOREIGN_KEY_CHECKS=@@FOREIGN_KEY_CHECKS, FOREIGN_KEY_CHECKS=0 */;
/*!40101 SET @OLD_SQL_MODE=@@SQL_MODE, SQL_MODE='NO_AUTO_VALUE_ON_ZERO' */;
/*!40111 SET @OLD_SQL_NOTES=@@SQL_NOTES, SQL_NOTES=0 */;

--
-- Table structure for table `CONFIGURATION_FILES`
--

DROP TABLE IF EXISTS `CONFIGURATION_FILES`;
/*!40101 SET @saved_cs_client     = @@character_set_client */;
/*!40101 SET character_set_client = utf8 */;
CREATE TABLE `CONFIGURATION_FILES` (
  `id` bigint(20) NOT NULL AUTO_INCREMENT,
  `name` varchar(300) NOT NULL,
  `path_name` varchar(200) NOT NULL,
  `description` varchar(2000) DEFAULT NULL,
  `configuration_file_states_id` bigint(20) NOT NULL,
  PRIMARY KEY (`id`),
  UNIQUE KEY `configuration_file_unq` (`name`,`path_name`),
  KEY `configuration_files_fk_configuration_file_states` (`configuration_file_states_id`),
  CONSTRAINT `configuration_files_fk_configuration_file_states` FOREIGN KEY (`configuration_file_states_id`) REFERENCES `CONFIGURATION_FILE_STATES` (`id`)
) ENGINE=InnoDB AUTO_INCREMENT=9 DEFAULT CHARSET=latin1;
/*!40101 SET character_set_client = @saved_cs_client */;

--
-- Dumping data for table `CONFIGURATION_FILES`
--

LOCK TABLES `CONFIGURATION_FILES` WRITE;
/*!40000 ALTER TABLE `CONFIGURATION_FILES` DISABLE KEYS */;
INSERT INTO `CONFIGURATION_FILES` VALUES (4,'modsecurity.conf','/etc/modsecurity/modsecurity.conf','This file contain configuration parameters of modsecurity waf',1),(7,'RESPONSE-999-EXCLUSION-RULES-AFTER-CRS.conf','/usr/share/modsecurity-crs/rules/RESPONSE-999-EXCLUSION-RULES-AFTER-CRS.conf','The purpose of this file is to hold LOCAL exceptions for your site. The types of rules that would go into this file are one where you want to unconditionally disable rules or modify their actions during startup.',1),(8,'mlogc.conf','/etc/modsecurity/mlogc/mlogc.conf','This file contains the configuration of ModSecurity Log Collector (MLOGC)',1);
/*!40000 ALTER TABLE `CONFIGURATION_FILES` ENABLE KEYS */;
UNLOCK TABLES;

--
-- Table structure for table `CONFIGURATION_FILES_ATTRIBUTES`
--

DROP TABLE IF EXISTS `CONFIGURATION_FILES_ATTRIBUTES`;
/*!40101 SET @saved_cs_client     = @@character_set_client */;
/*!40101 SET character_set_client = utf8 */;
CREATE TABLE `CONFIGURATION_FILES_ATTRIBUTES` (
  `id` bigint(20) NOT NULL AUTO_INCREMENT,
  `name` varchar(30) NOT NULL,
  `value` varchar(1000) NOT NULL,
  `description` varchar(2000) DEFAULT 'Not Available',
  `configuration_file_attribute_type_id` bigint(20) NOT NULL,
  `configuration_file_attribute_states_id` bigint(20) NOT NULL,
  `configuration_file_attribute_groups_id` bigint(20) NOT NULL,
  PRIMARY KEY (`id`),
  UNIQUE KEY `configuration_files_attributes_unq` (`name`,`configuration_file_attribute_groups_id`),
  KEY `configuration_files_attributes_fk_cfag` (`configuration_file_attribute_groups_id`),
  KEY `configuration_files_attributes_fk_cfas` (`configuration_file_attribute_states_id`),
  KEY `conf_files_attr_fk_conf_files_attr_type` (`configuration_file_attribute_type_id`),
  CONSTRAINT `conf_files_attr_fk_conf_files_attr_type` FOREIGN KEY (`configuration_file_attribute_type_id`) REFERENCES `CONFIGURATION_FILE_ATTRIBUTE_TYPE` (`id`),
  CONSTRAINT `configuration_files_attributes_fk_cfag` FOREIGN KEY (`configuration_file_attribute_groups_id`) REFERENCES `CONFIGURATION_FILE_ATTRIBUTE_GROUPS` (`id`),
  CONSTRAINT `configuration_files_attributes_fk_cfas` FOREIGN KEY (`configuration_file_attribute_states_id`) REFERENCES `CONFIGURATION_FILE_ATTRIBUTE_STATES` (`id`)
) ENGINE=InnoDB AUTO_INCREMENT=72 DEFAULT CHARSET=latin1;
/*!40101 SET character_set_client = @saved_cs_client */;

--
-- Dumping data for table `CONFIGURATION_FILES_ATTRIBUTES`
--

LOCK TABLES `CONFIGURATION_FILES_ATTRIBUTES` WRITE;
/*!40000 ALTER TABLE `CONFIGURATION_FILES_ATTRIBUTES` DISABLE KEYS */;
INSERT INTO `CONFIGURATION_FILES_ATTRIBUTES` VALUES (38,'SecRuleEngine','DetectionOnly','DetectionOnly',2,2,17),(39,'SecRequestBodyAccess','On','On',2,2,18),(40,'SecRequestBodyLimit','123454','',4,1,18),(41,'SecRequestBodyNoFilesLimit','1048576','Configures the maximum request body size ModSecurity will accept for buffering, excluding the size of any files being transported in the request. This directive is useful to reduce susceptibility to DoS attacks when someone is sending request bodies of very large sizes. Web applications that require file uploads must configure SecRequestBodyLimit to a high value, but because large files are streamed to disk, file uploads will not increase memory consumption. However, it?s still possible for someone to take advantage of a large request body limit and send non-upload requests with large body sizes. This directive eliminates that loophole. Generally speaking, the default value is not small enough. For most applications, you should be able to reduce it down to 128 KB or lower. Anything over the limit will be rejected with status code 413 (Request Entity Too Large). There is a hard limit of 1 GB. ',4,1,18),(42,'SecRequestBodyInMemoryLimit','131072','Configures the maximum request body size that ModSecurity will store in memory. Configures the maximum request body size that ModSecurity will store in memory.',4,1,18),(43,'SecRequestBodyLimitAction','Reject','Controls what happens once a request body limit, configured with SecRequestBodyLimit, is encountered.\r\nBy default, ModSecurity will reject a request body that is longer than specified. This is problematic especially when ModSecurity is being run in DetectionOnly mode and the intent is to be totally passive and not take any disruptive actions against the transaction. With the ability to choose what happens once a limit is reached, site administrators can choose to inspect only the first part of the request, the part that can fit into the desired limit, and let the rest through. This is not ideal from a possible evasion issue perspective, however it may be acceptable under certain circumstances. ',3,1,18),(44,'SecPcreMatchLimit','1000','',4,1,18),(45,'SecPcreMatchLimitRecursion','1000','',4,1,18),(46,'SecResponseBodyAccess','On','',2,1,19),(47,'SecResponseBodyMimeType','text/plain','',3,1,19),(48,'SecResponseBodyLimit','524288','',4,1,19),(49,'SecResponseBodyLimitAction','ProcessPartial','',3,1,19),(51,'SecTmpDir','/tmp/','',1,1,20),(52,'SecDataDir','/tmp/','',1,1,20),(53,'SecUploadDir','/opt/modsecurity/var/upload/','/opt/modsecurity/var/upload/',1,1,21),(54,'SecUploadKeepFiles','RelevantOnly','',2,1,21),(55,'SecUploadFileMode','0600','',4,1,21),(56,'SecDebugLog','/opt/modsecurity/var/log/debug.log','',1,1,22),(57,'SecDebugLogLevel','3','',4,1,22),(58,'SecAuditEngine','RelevantOnly','',2,1,23),(59,'SecAuditLogRelevantStatus','^(?:5|4(?!04))','^(?:5|4(?!04))',1,1,23),(60,'SecAuditLogParts','ABIJDEFHZ','',1,1,23),(61,'SecAuditLogType','Concurrent','Concurrent',2,1,23),(62,'SecAuditLog','|/etc/modsecurity-2.9.2/mlogc/mlogc /etc/modsecurity-2.9.2/mlogc/mlogc.conf','|/etc/modsecurity-2.9.2/mlogc/mlogc /etc/modsecurity-2.9.2/mlogc/mlogc.conf',1,1,23),(63,'SecAuditLogStorageDir','/tmp/mlogc/','/tmp/mlogc/',1,1,23),(64,'SecArgumentSeparator','&','',1,1,24),(65,'SecCookieFormat','0','',4,1,24),(66,'SecUnicodeMapFile','unicode.mapping 20127','',1,1,24),(67,'SecStatusEngine','On','',2,1,24),(69,'SecRuleRemoveById','1000','',1,1,27),(70,'ConsoleURI','\"http://localhost:8084/modsecurityWafProject/put\"','ModSecurity Console receiving URI',5,1,28),(71,'LogStorageDir','\"/opt/modsecurity/var/audit/\"','Base directory where the audit logs are stored.  This can be specified\r\nas a path relative to the CollectorRoot, or a full path.',5,1,28);
/*!40000 ALTER TABLE `CONFIGURATION_FILES_ATTRIBUTES` ENABLE KEYS */;
UNLOCK TABLES;

--
-- Table structure for table `CONFIGURATION_FILES_ATTRIBUTE_OPTION_GROUPS`
--

DROP TABLE IF EXISTS `CONFIGURATION_FILES_ATTRIBUTE_OPTION_GROUPS`;
/*!40101 SET @saved_cs_client     = @@character_set_client */;
/*!40101 SET character_set_client = utf8 */;
CREATE TABLE `CONFIGURATION_FILES_ATTRIBUTE_OPTION_GROUPS` (
  `id` int(11) NOT NULL AUTO_INCREMENT,
  `name` varchar(100) NOT NULL,
  `description` varchar(500) DEFAULT NULL,
  `cfa_id` int(11) NOT NULL,
  PRIMARY KEY (`id`),
  UNIQUE KEY `cfa_id` (`cfa_id`)
) ENGINE=InnoDB DEFAULT CHARSET=latin1;
/*!40101 SET character_set_client = @saved_cs_client */;

--
-- Dumping data for table `CONFIGURATION_FILES_ATTRIBUTE_OPTION_GROUPS`
--

LOCK TABLES `CONFIGURATION_FILES_ATTRIBUTE_OPTION_GROUPS` WRITE;
/*!40000 ALTER TABLE `CONFIGURATION_FILES_ATTRIBUTE_OPTION_GROUPS` DISABLE KEYS */;
/*!40000 ALTER TABLE `CONFIGURATION_FILES_ATTRIBUTE_OPTION_GROUPS` ENABLE KEYS */;
UNLOCK TABLES;

--
-- Table structure for table `CONFIGURATION_FILE_ATTRIBUTE_GROUPS`
--

DROP TABLE IF EXISTS `CONFIGURATION_FILE_ATTRIBUTE_GROUPS`;
/*!40101 SET @saved_cs_client     = @@character_set_client */;
/*!40101 SET character_set_client = utf8 */;
CREATE TABLE `CONFIGURATION_FILE_ATTRIBUTE_GROUPS` (
  `id` bigint(20) NOT NULL AUTO_INCREMENT,
  `name` varchar(100) NOT NULL,
  `description` varchar(2000) DEFAULT NULL,
  `configuration_files_id` bigint(20) NOT NULL,
  PRIMARY KEY (`id`),
  UNIQUE KEY `configuration_file_attribute_groups_unq` (`name`,`configuration_files_id`),
  KEY `configuration_file_attribute_groups_fk_configuration_files` (`configuration_files_id`),
  CONSTRAINT `configuration_file_attribute_groups_fk_configuration_files` FOREIGN KEY (`configuration_files_id`) REFERENCES `CONFIGURATION_FILES` (`id`)
) ENGINE=InnoDB AUTO_INCREMENT=29 DEFAULT CHARSET=latin1;
/*!40101 SET character_set_client = @saved_cs_client */;

--
-- Dumping data for table `CONFIGURATION_FILE_ATTRIBUTE_GROUPS`
--

LOCK TABLES `CONFIGURATION_FILE_ATTRIBUTE_GROUPS` WRITE;
/*!40000 ALTER TABLE `CONFIGURATION_FILE_ATTRIBUTE_GROUPS` DISABLE KEYS */;
INSERT INTO `CONFIGURATION_FILE_ATTRIBUTE_GROUPS` VALUES (17,'Rule engine initialization','Enable ModSecurity, attaching it to every transaction. Use detection\r\nonly to start with, because that minimises the chances of post-installation\r\ndisruption.',4),(18,'Request body handling','Request body handling - Description',4),(19,'Response body handling','Response body handling - Desc',4),(20,'Filesystem configuration','Filesystem configuration - Description',4),(21,'File uploads handling configuration','File uploads handling configuration - Description',4),(22,'Debug log configuration','Debug log configuration - Description',4),(23,'Audit log configuration','Audit log configuration - Description',4),(24,'Miscellaneous','Miscellaneous - Description',4),(27,'Exclusion Rules','Please see the file REQUEST-900-EXCLUSION-RULES-BEFORE-CRS.conf.example for a description of the rule exclusions mechanism and the correct  use of this file',7),(28,'Required Configuration','Minimum configuration for the operation of ModSecuirty Log Collector',8);
/*!40000 ALTER TABLE `CONFIGURATION_FILE_ATTRIBUTE_GROUPS` ENABLE KEYS */;
UNLOCK TABLES;

--
-- Table structure for table `CONFIGURATION_FILE_ATTRIBUTE_OPTIONS`
--

DROP TABLE IF EXISTS `CONFIGURATION_FILE_ATTRIBUTE_OPTIONS`;
/*!40101 SET @saved_cs_client     = @@character_set_client */;
/*!40101 SET character_set_client = utf8 */;
CREATE TABLE `CONFIGURATION_FILE_ATTRIBUTE_OPTIONS` (
  `id` bigint(20) NOT NULL AUTO_INCREMENT,
  `name` varchar(30) NOT NULL,
  `description` varchar(1000) DEFAULT NULL,
  `group_option` int(11) DEFAULT NULL,
  `configuration_files_attributes_id` bigint(20) NOT NULL,
  PRIMARY KEY (`id`),
  UNIQUE KEY `configuration_file_attribute_options_unq` (`name`,`configuration_files_attributes_id`),
  KEY `configuration_file_attribute_options_fk_cfa` (`configuration_files_attributes_id`),
  CONSTRAINT `configuration_file_attribute_options_fk_cfa` FOREIGN KEY (`configuration_files_attributes_id`) REFERENCES `CONFIGURATION_FILES_ATTRIBUTES` (`id`)
) ENGINE=InnoDB AUTO_INCREMENT=88 DEFAULT CHARSET=latin1;
/*!40101 SET character_set_client = @saved_cs_client */;

--
-- Dumping data for table `CONFIGURATION_FILE_ATTRIBUTE_OPTIONS`
--

LOCK TABLES `CONFIGURATION_FILE_ATTRIBUTE_OPTIONS` WRITE;
/*!40000 ALTER TABLE `CONFIGURATION_FILE_ATTRIBUTE_OPTIONS` DISABLE KEYS */;
INSERT INTO `CONFIGURATION_FILE_ATTRIBUTE_OPTIONS` VALUES (15,'ProcessPartial',NULL,NULL,49),(16,'Rject',NULL,NULL,49),(17,'RelevantOnly',NULL,NULL,54),(18,'RelevantOnly',NULL,NULL,58),(20,'On',NULL,NULL,67),(21,'Off',NULL,NULL,67),(69,'Serial','',NULL,61),(70,'Concurrent','',NULL,61),(73,'Reject','',NULL,43),(74,'ProcessPartial','',NULL,43),(75,'On','',NULL,46),(76,'Off','',NULL,46),(80,'text/plain','',NULL,47),(81,'text/html','',NULL,47),(82,'text/xml','',NULL,47),(83,'On','process rules',NULL,38),(84,'Off','do not process rules ',NULL,38),(85,'DetectionOnly','process rules but never executes any disruptive actions (block, deny, drop, allow, proxy and redirect) ',NULL,38),(86,'On','buffer request bodies',NULL,39),(87,'Off','do not buffer request bodies',NULL,39);
/*!40000 ALTER TABLE `CONFIGURATION_FILE_ATTRIBUTE_OPTIONS` ENABLE KEYS */;
UNLOCK TABLES;

--
-- Table structure for table `CONFIGURATION_FILE_ATTRIBUTE_STATES`
--

DROP TABLE IF EXISTS `CONFIGURATION_FILE_ATTRIBUTE_STATES`;
/*!40101 SET @saved_cs_client     = @@character_set_client */;
/*!40101 SET character_set_client = utf8 */;
CREATE TABLE `CONFIGURATION_FILE_ATTRIBUTE_STATES` (
  `id` bigint(20) NOT NULL AUTO_INCREMENT,
  `name` varchar(30) NOT NULL,
  `description` varchar(100) DEFAULT NULL,
  PRIMARY KEY (`id`),
  UNIQUE KEY `name` (`name`)
) ENGINE=InnoDB AUTO_INCREMENT=3 DEFAULT CHARSET=latin1;
/*!40101 SET character_set_client = @saved_cs_client */;

--
-- Dumping data for table `CONFIGURATION_FILE_ATTRIBUTE_STATES`
--

LOCK TABLES `CONFIGURATION_FILE_ATTRIBUTE_STATES` WRITE;
/*!40000 ALTER TABLE `CONFIGURATION_FILE_ATTRIBUTE_STATES` DISABLE KEYS */;
INSERT INTO `CONFIGURATION_FILE_ATTRIBUTE_STATES` VALUES (1,'LOCKED','This attribute can not be modified.'),(2,'FULL-AVAILABLE','This attribute can be arbitrary modified and deleted.');
/*!40000 ALTER TABLE `CONFIGURATION_FILE_ATTRIBUTE_STATES` ENABLE KEYS */;
UNLOCK TABLES;

--
-- Table structure for table `CONFIGURATION_FILE_ATTRIBUTE_TYPE`
--

DROP TABLE IF EXISTS `CONFIGURATION_FILE_ATTRIBUTE_TYPE`;
/*!40101 SET @saved_cs_client     = @@character_set_client */;
/*!40101 SET character_set_client = utf8 */;
CREATE TABLE `CONFIGURATION_FILE_ATTRIBUTE_TYPE` (
  `id` bigint(20) NOT NULL AUTO_INCREMENT,
  `name` varchar(30) NOT NULL,
  `description` varchar(100) DEFAULT NULL,
  PRIMARY KEY (`id`),
  UNIQUE KEY `name` (`name`)
) ENGINE=InnoDB AUTO_INCREMENT=6 DEFAULT CHARSET=latin1;
/*!40101 SET character_set_client = @saved_cs_client */;

--
-- Dumping data for table `CONFIGURATION_FILE_ATTRIBUTE_TYPE`
--

LOCK TABLES `CONFIGURATION_FILE_ATTRIBUTE_TYPE` WRITE;
/*!40000 ALTER TABLE `CONFIGURATION_FILE_ATTRIBUTE_TYPE` DISABLE KEYS */;
INSERT INTO `CONFIGURATION_FILE_ATTRIBUTE_TYPE` VALUES (1,'input-text','This is a text input attribute'),(2,'single-select','This is a single-select attribute'),(3,'multiple-select','This is a multiple-select attribute'),(4,'numeric-input','This is a numeric imput.'),(5,'groups-selects-input','Multiple values comma separated. Each value has multiple possible values.');
/*!40000 ALTER TABLE `CONFIGURATION_FILE_ATTRIBUTE_TYPE` ENABLE KEYS */;
UNLOCK TABLES;

--
-- Table structure for table `CONFIGURATION_FILE_STATES`
--

DROP TABLE IF EXISTS `CONFIGURATION_FILE_STATES`;
/*!40101 SET @saved_cs_client     = @@character_set_client */;
/*!40101 SET character_set_client = utf8 */;
CREATE TABLE `CONFIGURATION_FILE_STATES` (
  `id` bigint(20) NOT NULL AUTO_INCREMENT,
  `name` varchar(30) NOT NULL,
  `description` varchar(100) DEFAULT NULL,
  PRIMARY KEY (`id`),
  UNIQUE KEY `name` (`name`)
) ENGINE=InnoDB AUTO_INCREMENT=3 DEFAULT CHARSET=latin1;
/*!40101 SET character_set_client = @saved_cs_client */;

--
-- Dumping data for table `CONFIGURATION_FILE_STATES`
--

LOCK TABLES `CONFIGURATION_FILE_STATES` WRITE;
/*!40000 ALTER TABLE `CONFIGURATION_FILE_STATES` DISABLE KEYS */;
INSERT INTO `CONFIGURATION_FILE_STATES` VALUES (1,'CONFIGURABLE','Files with this states are able to be configured.'),(2,'NO-CONFIGURABLE','Files with this states can\'t be configured.');
/*!40000 ALTER TABLE `CONFIGURATION_FILE_STATES` ENABLE KEYS */;
UNLOCK TABLES;

--
-- Table structure for table `Event`
--

DROP TABLE IF EXISTS `Event`;
/*!40101 SET @saved_cs_client     = @@character_set_client */;
/*!40101 SET character_set_client = utf8 */;
CREATE TABLE `Event` (
  `id` int(11) NOT NULL AUTO_INCREMENT,
  `PartA` longtext NOT NULL,
  `PartB` longtext,
  `PartC` longtext,
  `PartD` longtext,
  `PartE` longtext,
  `PartF` longtext,
  `PartG` longtext,
  `PartH` longtext,
  `PartI` longtext,
  `PartJ` longtext,
  `PartK` longtext,
  `PartZ` longtext NOT NULL,
  `dateEvent` datetime NOT NULL DEFAULT CURRENT_TIMESTAMP,
  `transactionId` varchar(100) CHARACTER SET utf8 COLLATE utf8_bin NOT NULL,
  `clientIp` tinytext NOT NULL,
  `clientPort` tinytext NOT NULL,
  `serverIp` tinytext NOT NULL,
  `serverPort` tinytext NOT NULL,
  `method` tinytext,
  `destinationPage` mediumtext,
  `protocol` tinytext,
  `is_new` int(11) NOT NULL DEFAULT '0',
  PRIMARY KEY (`id`),
  UNIQUE KEY `transactionId_UNIQUE` (`transactionId`)
) ENGINE=InnoDB DEFAULT CHARSET=latin1;
/*!40101 SET character_set_client = @saved_cs_client */;

--
-- Dumping data for table `Event`
--

LOCK TABLES `Event` WRITE;
/*!40000 ALTER TABLE `Event` DISABLE KEYS */;
/*!40000 ALTER TABLE `Event` ENABLE KEYS */;
UNLOCK TABLES;

--
-- Table structure for table `EventRule`
--

DROP TABLE IF EXISTS `EventRule`;
/*!40101 SET @saved_cs_client     = @@character_set_client */;
/*!40101 SET character_set_client = utf8 */;
CREATE TABLE `EventRule` (
  `id` int(11) NOT NULL AUTO_INCREMENT,
  `eventId` int(11) NOT NULL,
  `ruleId` int(11) NOT NULL,
  PRIMARY KEY (`id`),
  KEY `fk_EventRule_Event1_idx` (`eventId`),
  KEY `fk_EventRule_Rule1_idx` (`ruleId`),
  CONSTRAINT `eventrule_fk_event` FOREIGN KEY (`eventId`) REFERENCES `Event` (`id`),
  CONSTRAINT `eventrule_fk_rule` FOREIGN KEY (`ruleId`) REFERENCES `Rule` (`id`)
) ENGINE=InnoDB DEFAULT CHARSET=latin1;
/*!40101 SET character_set_client = @saved_cs_client */;

--
-- Dumping data for table `EventRule`
--

LOCK TABLES `EventRule` WRITE;
/*!40000 ALTER TABLE `EventRule` DISABLE KEYS */;
/*!40000 ALTER TABLE `EventRule` ENABLE KEYS */;
UNLOCK TABLES;

--
-- Table structure for table `File`
--

DROP TABLE IF EXISTS `File`;
/*!40101 SET @saved_cs_client     = @@character_set_client */;
/*!40101 SET character_set_client = utf8 */;
CREATE TABLE `File` (
  `id` int(11) NOT NULL AUTO_INCREMENT,
  `fileName` tinytext NOT NULL,
  `filePath` varchar(255) CHARACTER SET utf8 COLLATE utf8_bin NOT NULL,
  PRIMARY KEY (`id`),
  UNIQUE KEY `filePath_UNIQUE` (`filePath`)
) ENGINE=InnoDB AUTO_INCREMENT=147 DEFAULT CHARSET=latin1;
/*!40101 SET character_set_client = @saved_cs_client */;

--
-- Dumping data for table `File`
--

LOCK TABLES `File` WRITE;
/*!40000 ALTER TABLE `File` DISABLE KEYS */;
INSERT INTO `File` VALUES (121,'REQUEST-900-EXCLUSION-RULES-BEFORE-CRS.conf','/usr/share/modsecurity-crs/rules/REQUEST-900-EXCLUSION-RULES-BEFORE-CRS.conf'),(122,'REQUEST-901-INITIALIZATION.conf','/usr/share/modsecurity-crs/rules/REQUEST-901-INITIALIZATION.conf'),(123,'REQUEST-903.9001-DRUPAL-EXCLUSION-RULES.conf','/usr/share/modsecurity-crs/rules/REQUEST-903.9001-DRUPAL-EXCLUSION-RULES.conf'),(124,'REQUEST-903.9002-WORDPRESS-EXCLUSION-RULES.conf','/usr/share/modsecurity-crs/rules/REQUEST-903.9002-WORDPRESS-EXCLUSION-RULES.conf'),(125,'REQUEST-905-COMMON-EXCEPTIONS.conf','/usr/share/modsecurity-crs/rules/REQUEST-905-COMMON-EXCEPTIONS.conf'),(126,'REQUEST-910-IP-REPUTATION.conf','/usr/share/modsecurity-crs/rules/REQUEST-910-IP-REPUTATION.conf'),(127,'REQUEST-911-METHOD-ENFORCEMENT.conf','/usr/share/modsecurity-crs/rules/REQUEST-911-METHOD-ENFORCEMENT.conf'),(128,'REQUEST-912-DOS-PROTECTION.conf','/usr/share/modsecurity-crs/rules/REQUEST-912-DOS-PROTECTION.conf'),(129,'REQUEST-913-SCANNER-DETECTION.conf','/usr/share/modsecurity-crs/rules/REQUEST-913-SCANNER-DETECTION.conf'),(130,'REQUEST-920-PROTOCOL-ENFORCEMENT.conf','/usr/share/modsecurity-crs/rules/REQUEST-920-PROTOCOL-ENFORCEMENT.conf'),(131,'REQUEST-921-PROTOCOL-ATTACK.conf','/usr/share/modsecurity-crs/rules/REQUEST-921-PROTOCOL-ATTACK.conf'),(132,'REQUEST-930-APPLICATION-ATTACK-LFI.conf','/usr/share/modsecurity-crs/rules/REQUEST-930-APPLICATION-ATTACK-LFI.conf'),(133,'REQUEST-931-APPLICATION-ATTACK-RFI.conf','/usr/share/modsecurity-crs/rules/REQUEST-931-APPLICATION-ATTACK-RFI.conf'),(134,'REQUEST-932-APPLICATION-ATTACK-RCE.conf','/usr/share/modsecurity-crs/rules/REQUEST-932-APPLICATION-ATTACK-RCE.conf'),(135,'REQUEST-933-APPLICATION-ATTACK-PHP.conf','/usr/share/modsecurity-crs/rules/REQUEST-933-APPLICATION-ATTACK-PHP.conf'),(136,'REQUEST-941-APPLICATION-ATTACK-XSS.conf','/usr/share/modsecurity-crs/rules/REQUEST-941-APPLICATION-ATTACK-XSS.conf'),(137,'REQUEST-942-APPLICATION-ATTACK-SQLI.conf','/usr/share/modsecurity-crs/rules/REQUEST-942-APPLICATION-ATTACK-SQLI.conf'),(138,'REQUEST-943-APPLICATION-ATTACK-SESSION-FIXATION.conf','/usr/share/modsecurity-crs/rules/REQUEST-943-APPLICATION-ATTACK-SESSION-FIXATION.conf'),(139,'REQUEST-949-BLOCKING-EVALUATION.conf','/usr/share/modsecurity-crs/rules/REQUEST-949-BLOCKING-EVALUATION.conf'),(140,'RESPONSE-950-DATA-LEAKAGES.conf','/usr/share/modsecurity-crs/rules/RESPONSE-950-DATA-LEAKAGES.conf'),(141,'RESPONSE-951-DATA-LEAKAGES-SQL.conf','/usr/share/modsecurity-crs/rules/RESPONSE-951-DATA-LEAKAGES-SQL.conf'),(142,'RESPONSE-952-DATA-LEAKAGES-JAVA.conf','/usr/share/modsecurity-crs/rules/RESPONSE-952-DATA-LEAKAGES-JAVA.conf'),(143,'RESPONSE-953-DATA-LEAKAGES-PHP.conf','/usr/share/modsecurity-crs/rules/RESPONSE-953-DATA-LEAKAGES-PHP.conf'),(144,'RESPONSE-954-DATA-LEAKAGES-IIS.conf','/usr/share/modsecurity-crs/rules/RESPONSE-954-DATA-LEAKAGES-IIS.conf'),(145,'RESPONSE-959-BLOCKING-EVALUATION.conf','/usr/share/modsecurity-crs/rules/RESPONSE-959-BLOCKING-EVALUATION.conf'),(146,'RESPONSE-980-CORRELATION.conf','/usr/share/modsecurity-crs/rules/RESPONSE-980-CORRELATION.conf');
/*!40000 ALTER TABLE `File` ENABLE KEYS */;
UNLOCK TABLES;

--
-- Table structure for table `Rule`
--

DROP TABLE IF EXISTS `Rule`;
/*!40101 SET @saved_cs_client     = @@character_set_client */;
/*!40101 SET character_set_client = utf8 */;
CREATE TABLE `Rule` (
  `id` int(11) NOT NULL AUTO_INCREMENT,
  `ruleId` varchar(10) NOT NULL,
  `message` varchar(1000) DEFAULT NULL,
  `severity` varchar(45) DEFAULT NULL,
  `fileId` int(11) NOT NULL,
  PRIMARY KEY (`id`),
  UNIQUE KEY `ruleId_UNIQUE` (`ruleId`),
  KEY `fk_Rule_File1_idx` (`fileId`),
  CONSTRAINT `fk_Rule_File1` FOREIGN KEY (`fileId`) REFERENCES `File` (`id`) ON DELETE NO ACTION ON UPDATE NO ACTION
) ENGINE=InnoDB AUTO_INCREMENT=1280 DEFAULT CHARSET=latin1;
/*!40101 SET character_set_client = @saved_cs_client */;

--
-- Dumping data for table `Rule`
--

LOCK TABLES `Rule` WRITE;
/*!40000 ALTER TABLE `Rule` DISABLE KEYS */;
INSERT INTO `Rule` VALUES (809,'1000','','',121),(810,'1001','','',121),(811,'1002','','',121),(812,'1003','','',121),(813,'1004','','',121),(814,'901001','','',122),(815,'901100','','',122),(816,'901110','','',122),(817,'901120','','',122),(818,'901130','','',122),(819,'901140','','',122),(820,'901141','','',122),(821,'901142','','',122),(822,'901143','','',122),(823,'901150','','',122),(824,'901152','','',122),(825,'901160','','',122),(826,'901162','','',122),(827,'901163','','',122),(828,'901164','','',122),(829,'901165','','',122),(830,'901166','','',122),(831,'901200','','',122),(832,'901318','','',122),(833,'901321','','',122),(834,'901400','','',122),(835,'901410','','',122),(836,'901420','','',122),(837,'901430','','',122),(838,'901440','','',122),(839,'901450','','',122),(840,'9001000','','',123),(841,'9001100','','',123),(842,'9001110','','',123),(843,'9001112','','',123),(844,'9001114','','',123),(845,'9001116','','',123),(846,'9001122','','',123),(847,'9001124','','',123),(848,'9001126','','',123),(849,'9001128','','',123),(850,'9001140','','',123),(851,'9001160','','',123),(852,'9001170','','',123),(853,'9001200','','',123),(854,'9001202','','',123),(855,'9001204','','',123),(856,'9001206','','',123),(857,'9001208','','',123),(858,'9001210','','',123),(859,'9001212','','',123),(860,'9001214','','',123),(861,'9001216','','',123),(862,'9002000','','',124),(863,'9002001','','',124),(864,'9002100','','',124),(865,'9002120','','',124),(866,'9002130','','',124),(867,'9002150','','',124),(868,'9002160','','',124),(869,'9002200','','',124),(870,'9002300','','',124),(871,'9002400','','',124),(872,'9002401','','',124),(873,'9002410','','',124),(874,'9002420','','',124),(875,'9002520','','',124),(876,'9002530','','',124),(877,'9002540','','',124),(878,'9002600','','',124),(879,'9002700','','',124),(880,'9002710','','',124),(881,'9002720','','',124),(882,'9002730','','',124),(883,'9002740','','',124),(884,'9002750','','',124),(885,'9002760','','',124),(886,'9002800','','',124),(887,'9002810','','',124),(888,'9002820','','',124),(889,'9002900','','',124),(890,'905100','','',125),(891,'905110','','',125),(892,'910011','','',126),(893,'910012','Request from Known Malicious Client (Based on previous traffic violations).','CRITICAL',126),(894,'910000','Client IP is from a HIGH Risk Country Location.','CRITICAL',126),(895,'910100','Client IP in Trustwave SpiderLabs IP Reputation Blacklist.','CRITICAL',126),(896,'910110','','',126),(897,'910120','','',126),(898,'910130','','',126),(899,'910140','HTTP Blacklist match for search engine IP','CRITICAL',126),(900,'910150','HTTP Blacklist match for spammer IP','CRITICAL',126),(901,'910160','HTTP Blacklist match for suspicious IP','CRITICAL',126),(902,'910170','HTTP Blacklist match for harvester IP','CRITICAL',126),(903,'910180','','',126),(904,'910190','','',126),(905,'910013','','',126),(906,'910014','','',126),(907,'910015','','',126),(908,'910016','','',126),(909,'910017','','',126),(910,'910018','','',126),(911,'911011','','',127),(912,'911012','Method is not allowed by policy','CRITICAL',127),(913,'911100','','',127),(914,'911013','','',127),(915,'911014','','',127),(916,'911015','','',127),(917,'911016','','',127),(918,'911017','','',127),(919,'911018','','',127),(920,'912100','','',128),(921,'912110','','',128),(922,'912011','','',128),(923,'912012','','',128),(924,'912120','','',128),(925,'912130','','',128),(926,'912140','','',128),(927,'912150','','',128),(928,'912160','','',128),(929,'912161','','',128),(930,'912170','Potential Denial of Service (DoS) Attack from %{tx.real_ip} - # of Request Bursts: %{ip.dos_burst_counter}','',128),(931,'912013','','',128),(932,'912014','','',128),(933,'912019','','',128),(934,'912171','Potential Denial of Service (DoS) Attack from %{tx.real_ip} - # of Request Bursts: %{ip.dos_burst_counter}','',128),(935,'912015','','',128),(936,'912016','','',128),(937,'912017','','',128),(938,'912018','','',128),(939,'913011','','',129),(940,'913012','Found User-Agent associated with security scanner','CRITICAL',129),(941,'913100','Found request header associated with security scanner','',129),(942,'913110','Found request filename/argument associated with security scanner','',129),(943,'913120','','',129),(944,'913013','','',129),(945,'913014','Found User-Agent associated with scripting/generic HTTP client','CRITICAL',129),(946,'913101','Found User-Agent associated with web crawler/bot','CRITICAL',129),(947,'913102','','',129),(948,'913015','','',129),(949,'913016','','',129),(950,'913017','','',129),(951,'913018','','',129),(952,'920011','','',130),(953,'920012','Invalid HTTP Request Line','WARNING',130),(954,'920100','Attempted multipart/form-data bypass','CRITICAL',130),(955,'920120','Failed to parse request body.','CRITICAL',130),(956,'920130','Multipart request body failed strict validation:\\    PE %{REQBODY_PROCESSOR_ERROR},\\    BQ %{MULTIPART_BOUNDARY_QUOTED},\\    BW %{MULTIPART_BOUNDARY_WHITESPACE},\\    DB %{MULTIPART_DATA_BEFORE},\\    DA %{MULTIPART_DATA_AFTER},\\    HF %{MULTIPART_HEADER_FOLDING},\\    LF %{MULTIPART_LF_LINE},\\    SM %{MULTIPART_SEMICOLON_MISSING},\\    IQ %{MULTIPART_INVALID_QUOTING},\\    IH %{MULTIPART_INVALID_HEADER_FOLDING},\\    FLE %{MULTIPART_FILE_LIMIT_EXCEEDED}','CRITICAL',130),(957,'920140','Content-Length HTTP header is not numeric.','CRITICAL',130),(958,'920160','GET or HEAD Request with Body Content.','CRITICAL',130),(959,'920170','POST request missing Content-Length Header.','WARNING',130),(960,'920180','Range: Invalid Last Byte Value.','WARNING',130),(961,'920190','Multiple/Conflicting Connection Header Data Found.','',130),(962,'920210','URL Encoding Abuse Attack Attempt','WARNING',130),(963,'920220','URL Encoding Abuse Attack Attempt','WARNING',130),(964,'920240','UTF8 Encoding Abuse Attack Attempt','WARNING',130),(965,'920250','Unicode Full/Half Width Abuse Attack Attempt','WARNING',130),(966,'920260','Invalid character in request (null character)','WARNING',130),(967,'920270','Request Missing a Host Header','CRITICAL',130),(968,'920280','Empty Host Header','WARNING',130),(969,'920290','Request Has an Empty Accept Header','NOTICE',130),(970,'920310','Request Has an Empty Accept Header','NOTICE',130),(971,'920311','Empty User Agent Header','NOTICE',130),(972,'920330','Request Containing Content, but Missing Content-Type header','',130),(973,'920340','Host header is a numeric IP address','NOTICE',130),(974,'920350','Too many arguments in request','',130),(975,'920380','Argument name too long','CRITICAL',130),(976,'920360','Argument value too long','CRITICAL',130),(977,'920370','Total arguments size exceeded','CRITICAL',130),(978,'920390','Uploaded file size too large','CRITICAL',130),(979,'920400','Total uploaded files size too large','CRITICAL',130),(980,'920410','Request content type is not allowed by policy','CRITICAL',130),(981,'920420','HTTP protocol version is not allowed by policy','CRITICAL',130),(982,'920430','URL file extension is restricted by policy','CRITICAL',130),(983,'920440','HTTP header is restricted by policy (%{MATCHED_VAR})','CRITICAL',130),(984,'920450','','',130),(985,'920013','','',130),(986,'920014','Range: Too many fields (6 or more)','WARNING',130),(987,'920200','Range: Too many fields for pdf request (35 or more)','WARNING',130),(988,'920201','Multiple URL Encoding Detected','',130),(989,'920230','Request Missing an Accept Header','WARNING',130),(990,'920300','Invalid character in request (non printable characters)','',130),(991,'920271','Missing User Agent Header','CRITICAL',130),(992,'920320','Attempted multipart/form-data bypass','CRITICAL',130),(993,'920121','','',130),(994,'920015','','',130),(995,'920016','Invalid character in request (outside of printable chars below ascii 127)','',130),(996,'920272','','CRITICAL',130),(997,'920017','','',130),(998,'920018','Range: Too many fields for pdf request (6 or more)','WARNING',130),(999,'920202','Invalid character in request (outside of very strict set)','',130),(1000,'920273','Invalid character in request headers (outside of very strict set)','CRITICAL',130),(1001,'920274','','CRITICAL',130),(1002,'920460','','CRITICAL',130),(1003,'921011','','',131),(1004,'921012','HTTP Request Smuggling Attack.','',131),(1005,'921100','HTTP Request Smuggling Attack','CRITICAL',131),(1006,'921110','HTTP Response Splitting Attack','CRITICAL',131),(1007,'921120','HTTP Response Splitting Attack','CRITICAL',131),(1008,'921130','HTTP Header Injection Attack via headers','CRITICAL',131),(1009,'921140','HTTP Header Injection Attack via payload (CR/LF detected)','CRITICAL',131),(1010,'921150','HTTP Header Injection Attack via payload (CR/LF and header-name detected)','CRITICAL',131),(1011,'921160','','CRITICAL',131),(1012,'921013','','',131),(1013,'921014','HTTP Header Injection Attack via payload (CR/LF detected)','',131),(1014,'921151','','CRITICAL',131),(1015,'921015','','',131),(1016,'921016','','',131),(1017,'921170','HTTP Parameter Pollution (%{TX.1})','',131),(1018,'921180','','CRITICAL',131),(1019,'921017','','',131),(1020,'921018','','',131),(1021,'930011','','',132),(1022,'930012','Path Traversal Attack (/../)','',132),(1023,'930100','Path Traversal Attack (/../)','',132),(1024,'930110','OS File Access Attempt','',132),(1025,'930120','Restricted File Access Attempt','CRITICAL',132),(1026,'930130','','CRITICAL',132),(1027,'930013','','',132),(1028,'930014','','',132),(1029,'930015','','',132),(1030,'930016','','',132),(1031,'930017','','',132),(1032,'930018','','',132),(1033,'931011','','',133),(1034,'931012','Possible Remote File Inclusion (RFI) Attack: URL Parameter using IP Address','',133),(1035,'931100','Possible Remote File Inclusion (RFI) Attack: Common RFI Vulnerable Parameter Name used w/URL Payload','',133),(1036,'931110','Possible Remote File Inclusion (RFI) Attack: URL Payload Used w/Trailing Question Mark Character (?)','CRITICAL',133),(1037,'931120','','CRITICAL',133),(1038,'931013','','',133),(1039,'931014','Possible Remote File Inclusion (RFI) Attack: Off-Domain Reference/Link','',133),(1040,'931130','','CRITICAL',133),(1041,'931015','','',133),(1042,'931016','','',133),(1043,'931017','','',133),(1044,'931018','','',133),(1045,'932011','','',134),(1046,'932012','Remote Command Execution: Unix Command Injection','',134),(1047,'932100','Remote Command Execution: Unix Command Injection','CRITICAL',134),(1048,'932105','','CRITICAL',134),(1049,'932110','Remote Command Execution: Windows Command Injection','CRITICAL',134),(1050,'932115','Remote Command Execution: Windows PowerShell Command Found','CRITICAL',134),(1051,'932120','Remote Command Execution: Unix Shell Expression Found','CRITICAL',134),(1052,'932130','Remote Command Execution: Windows FOR/IF Command Found','CRITICAL',134),(1053,'932140','Remote Command Execution: Direct Unix Command Execution','CRITICAL',134),(1054,'932150','Remote Command Execution: Unix Shell Code Found','CRITICAL',134),(1055,'932160','Remote Command Execution: Shellshock (CVE-2014-6271)','CRITICAL',134),(1056,'932170','Remote Command Execution: Shellshock (CVE-2014-6271)','CRITICAL',134),(1057,'932171','','CRITICAL',134),(1058,'932013','','',134),(1059,'932014','','',134),(1060,'932015','','',134),(1061,'932016','','',134),(1062,'932017','','',134),(1063,'932018','','',134),(1064,'933011','','',135),(1065,'933012','PHP Injection Attack: PHP Open Tag Found','',135),(1066,'933100','PHP Injection Attack: PHP Script File Upload Found','CRITICAL',135),(1067,'933110','PHP Injection Attack: Configuration Directive Found','CRITICAL',135),(1068,'933120','PHP Injection Attack: Variables Found','CRITICAL',135),(1069,'933130','PHP Injection Attack: I/O Stream Found','CRITICAL',135),(1070,'933140','PHP Injection Attack: High-Risk PHP Function Name Found','CRITICAL',135),(1071,'933150','PHP Injection Attack: High-Risk PHP Function Call Found','CRITICAL',135),(1072,'933160','PHP Injection Attack: Serialized Object Injection','CRITICAL',135),(1073,'933170','PHP Injection Attack: Variable Function Call Found','CRITICAL',135),(1074,'933180','','CRITICAL',135),(1075,'933013','','',135),(1076,'933014','PHP Injection Attack: Medium-Risk PHP Function Name Found','',135),(1077,'933151','','CRITICAL',135),(1078,'933015','','',135),(1079,'933016','PHP Injection Attack: Variables Found','',135),(1080,'933131','PHP Injection Attack: Low-Value PHP Function Call Found','CRITICAL',135),(1081,'933161','PHP Injection Attack: PHP Script File Upload Found','CRITICAL',135),(1082,'933111','','CRITICAL',135),(1083,'933017','','',135),(1084,'933018','','',135),(1085,'941011','','',136),(1086,'941012','XSS Attack Detected via libinjection','',136),(1087,'941100','XSS Filter - Category 1: Script Tag Vector','CRITICAL',136),(1088,'941110','XSS Filter - Category 2: Event Handler Vector','CRITICAL',136),(1089,'941120','XSS Filter - Category 3: Attribute Vector','CRITICAL',136),(1090,'941130','XSS Filter - Category 4: Javascript URI Vector','CRITICAL',136),(1091,'941140','NoScript XSS InjectionChecker: HTML Injection','CRITICAL',136),(1092,'941160','NoScript XSS InjectionChecker: Attribute Injection','CRITICAL',136),(1093,'941170','Node-Validator Blacklist Keywords','CRITICAL',136),(1094,'941180','','CRITICAL',136),(1095,'941190','IE XSS Filters - Attack Detected.','CRITICAL',136),(1096,'941200','IE XSS Filters - Attack Detected.','CRITICAL',136),(1097,'941210','IE XSS Filters - Attack Detected.','CRITICAL',136),(1098,'941220','IE XSS Filters - Attack Detected.','CRITICAL',136),(1099,'941230','IE XSS Filters - Attack Detected.','CRITICAL',136),(1100,'941240','IE XSS Filters - Attack Detected.','CRITICAL',136),(1101,'941250','IE XSS Filters - Attack Detected.','CRITICAL',136),(1102,'941260','IE XSS Filters - Attack Detected.','CRITICAL',136),(1103,'941270','IE XSS Filters - Attack Detected.','CRITICAL',136),(1104,'941280','IE XSS Filters - Attack Detected.','CRITICAL',136),(1105,'941290','IE XSS Filters - Attack Detected.','CRITICAL',136),(1106,'941300','IE XSS Filters - Attack Detected.','CRITICAL',136),(1107,'941310','US-ASCII Malformed Encoding XSS Filter - Attack Detected.','CRITICAL',136),(1108,'941350','UTF-7 Encoding IE XSS - Attack Detected.','CRITICAL',136),(1109,'941013','','',136),(1110,'941014','XSS Attack Detected via libinjection','',136),(1111,'941101','XSS Filter - Category 5: Disallowed HTML Attributes','CRITICAL',136),(1112,'941150','','CRITICAL',136),(1113,'941320','Possible XSS Attack Detected - HTML Tag Handler','CRITICAL',136),(1114,'941330','IE XSS Filters - Attack Detected.','CRITICAL',136),(1115,'941340','IE XSS Filters - Attack Detected.','CRITICAL',136),(1116,'941015','','',136),(1117,'941016','','',136),(1118,'941017','','',136),(1119,'941018','','',136),(1120,'942011','','',137),(1121,'942012','SQL Injection Attack Detected via libinjection','',137),(1122,'942100','SQL Injection Attack: Common DB Names Detected','CRITICAL',137),(1123,'942140','Detects blind sqli tests using sleep() or benchmark().','CRITICAL',137),(1124,'942160','Detects SQL benchmark and sleep injection attempts including conditional queries','CRITICAL',137),(1125,'942170','Detects MSSQL code execution and information gathering attempts','CRITICAL',137),(1126,'942190','Looking for integer overflow attacks, these are taken from skipfish, except 3.0.00738585072007e-308 is the \\\"magic number\\\" crash','CRITICAL',137),(1127,'942220','Detects conditional SQL injection attempts','CRITICAL',137),(1128,'942230','Detects MySQL charset switch and MSSQL DoS attempts','CRITICAL',137),(1129,'942240','Detects MATCH AGAINST, MERGE and EXECUTE IMMEDIATE injections','CRITICAL',137),(1130,'942250','Looking for basic sql injection. Common attack string for mysql, oracle and others.','CRITICAL',137),(1131,'942270','Detects Postgres pg_sleep injection, waitfor delay attacks and database shutdown attempts','CRITICAL',137),(1132,'942280','Finds basic MongoDB SQL injection attempts','CRITICAL',137),(1133,'942290','Detects MySQL and PostgreSQL stored procedure/function injections','CRITICAL',137),(1134,'942320','Detects MySQL UDF injection and other data/structure manipulation attempts','CRITICAL',137),(1135,'942350','Detects concatenated basic SQL injection and SQLLFI attempts','CRITICAL',137),(1136,'942360','','CRITICAL',137),(1137,'942013','','',137),(1138,'942014','SQL Injection Attack: Common Injection Testing Detected','',137),(1139,'942110','SQL Injection Attack: SQL Operator Detected','WARNING',137),(1140,'942120','SQL Injection Attack: SQL Tautology Detected.','CRITICAL',137),(1141,'942130','SQL Injection Attack','CRITICAL',137),(1142,'942150','Detects basic SQL authentication bypass attempts 1/3','CRITICAL',137),(1143,'942180','Detects MySQL comment-/space-obfuscated injections and backtick termination','CRITICAL',137),(1144,'942200','Detects chained SQL injection attempts 1/2','CRITICAL',137),(1145,'942210','Detects basic SQL authentication bypass attempts 2/3','CRITICAL',137),(1146,'942260','Detects MySQL comments, conditions and ch(a)r injections','CRITICAL',137),(1147,'942300','Detects chained SQL injection attempts 2/2','CRITICAL',137),(1148,'942310','Detects classic SQL injection probings 1/2','CRITICAL',137),(1149,'942330','Detects basic SQL authentication bypass attempts 3/3','CRITICAL',137),(1150,'942340','Detects classic SQL injection probings 2/2','CRITICAL',137),(1151,'942370','SQL Injection Attack','CRITICAL',137),(1152,'942380','SQL Injection Attack','CRITICAL',137),(1153,'942390','SQL Injection Attack','CRITICAL',137),(1154,'942400','SQL Injection Attack','CRITICAL',137),(1155,'942410','','CRITICAL',137),(1156,'942430','Restricted SQL Character Anomaly Detection (args): # of special characters exceeded (12)','WARNING',137),(1157,'942440','SQL Comment Sequence Detected.','CRITICAL',137),(1158,'942450','SQL Hex Encoding Identified','CRITICAL',137),(1159,'942015','','',137),(1160,'942016','Detects HAVING injections','',137),(1161,'942251','','CRITICAL',137),(1162,'942420','Restricted SQL Character Anomaly Detection (cookies): # of special characters exceeded (8)','WARNING',137),(1163,'942431','Restricted SQL Character Anomaly Detection (args): # of special characters exceeded (6)','WARNING',137),(1164,'942460','Meta-Character Anomaly Detection Alert - Repetitive Non-Word Characters','WARNING',137),(1165,'942017','','',137),(1166,'942018','','',137),(1167,'942421','Restricted SQL Character Anomaly Detection (cookies): # of special characters exceeded (3)','WARNING',137),(1168,'942432','Restricted SQL Character Anomaly Detection (args): # of special characters exceeded (2)','WARNING',137),(1169,'943011','','',138),(1170,'943012','Possible Session Fixation Attack: Setting Cookie Values in HTML','CRITICAL',138),(1171,'943100','Possible Session Fixation Attack: SessionID Parameter Name with Off-Domain Referer','',138),(1172,'943110','Possible Session Fixation Attack: SessionID Parameter Name with No Referer','CRITICAL',138),(1173,'943120','','CRITICAL',138),(1174,'943013','','',138),(1175,'943014','','',138),(1176,'943015','','',138),(1177,'943016','','',138),(1178,'943017','','',138),(1179,'943018','','',138),(1180,'949100','Inbound Anomaly Score Exceeded (Total Score: %{TX.ANOMALY_SCORE})','',139),(1181,'949110','','',139),(1182,'949011','','',139),(1183,'949012','','',139),(1184,'949013','','',139),(1185,'949014','','',139),(1186,'949015','','',139),(1187,'949016','','',139),(1188,'949017','','',139),(1189,'949018','','',139),(1190,'950020','','',140),(1191,'950021','Directory Listing','',140),(1192,'950130','','ERROR',140),(1193,'950013','','',140),(1194,'950014','The Application Returned a 500-Level Status Code','',140),(1195,'950100','','ERROR',140),(1196,'950015','','',140),(1197,'950016','','',140),(1198,'950017','','',140),(1199,'950022','','',140),(1200,'951011','','',141),(1201,'951012','','',141),(1202,'951100','Microsoft Access SQL Information Leakage','',141),(1203,'951110','Oracle SQL Information Leakage','CRITICAL',141),(1204,'951120','DB2 SQL Information Leakage','CRITICAL',141),(1205,'951130','EMC SQL Information Leakage','CRITICAL',141),(1206,'951140','firebird SQL Information Leakage','CRITICAL',141),(1207,'951150','Frontbase SQL Information Leakage','CRITICAL',141),(1208,'951160','hsqldb SQL Information Leakage','CRITICAL',141),(1209,'951170','informix SQL Information Leakage','CRITICAL',141),(1210,'951180','ingres SQL Information Leakage','CRITICAL',141),(1211,'951190','interbase SQL Information Leakage','CRITICAL',141),(1212,'951200','maxDB SQL Information Leakage','CRITICAL',141),(1213,'951210','mssql SQL Information Leakage','CRITICAL',141),(1214,'951220','mysql SQL Information Leakage','CRITICAL',141),(1215,'951230','postgres SQL Information Leakage','CRITICAL',141),(1216,'951240','sqlite SQL Information Leakage','CRITICAL',141),(1217,'951250','Sybase SQL Information Leakage','CRITICAL',141),(1218,'951260','','CRITICAL',141),(1219,'951013','','',141),(1220,'951014','','',141),(1221,'951015','','',141),(1222,'951016','','',141),(1223,'951017','','',141),(1224,'951018','','',141),(1225,'952011','','',142),(1226,'952012','Java Source Code Leakage','',142),(1227,'952100','Java Errors','ERROR',142),(1228,'952110','','ERROR',142),(1229,'952013','','',142),(1230,'952014','','',142),(1231,'952015','','',142),(1232,'952016','','',142),(1233,'952017','','',142),(1234,'952018','','',142),(1235,'953011','','',143),(1236,'953012','PHP Information Leakage','',143),(1237,'953100','PHP source code leakage','ERROR',143),(1238,'953110','PHP source code leakage','ERROR',143),(1239,'953120','','ERROR',143),(1240,'953013','','',143),(1241,'953014','','',143),(1242,'953015','','',143),(1243,'953016','','',143),(1244,'953017','','',143),(1245,'953018','','',143),(1246,'954011','','',144),(1247,'954012','Disclosure of IIS install location','',144),(1248,'954100','Application Availability Error','ERROR',144),(1249,'954110','IIS Information Leakage','ERROR',144),(1250,'954120','IIS Information Leakage','ERROR',144),(1251,'954130','','ERROR',144),(1252,'954013','','',144),(1253,'954014','','',144),(1254,'954015','','',144),(1255,'954016','','',144),(1256,'954017','','',144),(1257,'954018','','',144),(1258,'959100','','',145),(1259,'959011','','',145),(1260,'959012','','',145),(1261,'959013','','',145),(1262,'959014','','',145),(1263,'959015','','',145),(1264,'959016','','',145),(1265,'959017','','',145),(1266,'959018','','',145),(1267,'980100','','EMERGENCY',146),(1268,'980110','','ALERT',146),(1269,'980120','','',146),(1270,'980130','','',146),(1271,'980140','','',146),(1272,'980011','','',146),(1273,'980012','','',146),(1274,'980013','','',146),(1275,'980014','','',146),(1276,'980015','','',146),(1277,'980016','','',146),(1278,'980017','','',146),(1279,'980018','','',146);
/*!40000 ALTER TABLE `Rule` ENABLE KEYS */;
UNLOCK TABLES;

--
-- Table structure for table `USERS`
--

DROP TABLE IF EXISTS `USERS`;
/*!40101 SET @saved_cs_client     = @@character_set_client */;
/*!40101 SET character_set_client = utf8 */;
CREATE TABLE `USERS` (
  `id` bigint(20) NOT NULL AUTO_INCREMENT,
  `user_name` varchar(30) NOT NULL,
  `password` varchar(100) NOT NULL,
  `first_name` varchar(30) NOT NULL,
  `last_name` varchar(30) NOT NULL,
  `email` varchar(30) NOT NULL,
  `user_states_id` bigint(20) NOT NULL,
  PRIMARY KEY (`id`),
  UNIQUE KEY `user_name` (`user_name`),
  UNIQUE KEY `email` (`email`),
  KEY `users_fk_user_states` (`user_states_id`),
  CONSTRAINT `users_fk_user_states` FOREIGN KEY (`user_states_id`) REFERENCES `USER_STATES` (`id`)
) ENGINE=InnoDB AUTO_INCREMENT=19 DEFAULT CHARSET=latin1;
/*!40101 SET character_set_client = @saved_cs_client */;

--
-- Dumping data for table `USERS`
--

LOCK TABLES `USERS` WRITE;
/*!40000 ALTER TABLE `USERS` DISABLE KEYS */;
INSERT INTO `USERS` VALUES (13,'admin','$2a$10$UJ1k5xv07yLLV6fdUjLx9Oq8AP1zw2rJHoKhILacmd1MCxSID33Ta','admin','admin','admin@admin.com',1),(14,'Joaquin','$2a$10$xxp7iOJ/lwbMVHB13Y1mJutIjJKqlMz5CWda3FgQrbfOv4y2w5Nbe','Joaquin','Maza','maza.joaquin@gmail.com',1),(17,'fer-m','$2a$10$uNeYqUiWCyfxWcdpOANQ7.SAG8qslksvR2evId9x7zPp/g6hxPJgK','Fernanda','Montiel','fer@montiel.com',3),(18,'jmonte','$2a$10$9a35t7U6YVrdbzNQmaMjHeWSD71qO57lI08lRuVNvL8/aqsoOtfaW','Jorge','Monte','j.monte@gmail.com',3);
/*!40000 ALTER TABLE `USERS` ENABLE KEYS */;
UNLOCK TABLES;

--
-- Table structure for table `USERS_HISTORY`
--

DROP TABLE IF EXISTS `USERS_HISTORY`;
/*!40101 SET @saved_cs_client     = @@character_set_client */;
/*!40101 SET character_set_client = utf8 */;
CREATE TABLE `USERS_HISTORY` (
  `id` bigint(20) NOT NULL AUTO_INCREMENT,
  `description` varchar(3000) DEFAULT NULL,
  `date_event` datetime NOT NULL DEFAULT CURRENT_TIMESTAMP,
  `user_id` bigint(20) NOT NULL,
  PRIMARY KEY (`id`),
  KEY `user_id` (`user_id`),
  CONSTRAINT `cnstrain_users_fk_users_history` FOREIGN KEY (`user_id`) REFERENCES `USERS` (`id`)
) ENGINE=InnoDB AUTO_INCREMENT=353 DEFAULT CHARSET=latin1;
/*!40101 SET character_set_client = @saved_cs_client */;

--
-- Dumping data for table `USERS_HISTORY`
--

LOCK TABLES `USERS_HISTORY` WRITE;
/*!40000 ALTER TABLE `USERS_HISTORY` DISABLE KEYS */;
INSERT INTO `USERS_HISTORY` VALUES (1,'User Loggin','2017-08-28 18:53:16',13),(2,'User Loggin','2017-08-28 20:02:54',13),(3,'User Loggin','2017-08-28 20:13:01',13),(4,'User Loggin','2017-08-28 21:01:19',13),(5,'User Loggin','2017-08-28 21:07:46',14),(6,'User Loggin','2017-08-29 09:38:44',13),(7,'User Loggin','2017-08-29 12:57:45',13),(8,'User Loggin','2017-08-29 19:10:56',13),(9,'Rule Block','2017-08-29 19:14:20',13),(10,'User Loggin','2017-08-30 10:09:01',13),(11,'Rule Block - Current Values : 910000,980130,949110,920350 - Rules: 910000,980130','2017-08-30 10:09:48',13),(12,'User Loggin','2017-08-30 12:17:13',13),(13,'ModSecurity.conf setup - Setup SecRuleEngine Attribute: Off to DetectionOnly\n - Setup SecRequestBodyAccess Attribute: On to On\n - SecRequestBodyLimit was blocked \n - Setup SecRequestBodyNoFilesLimit Attribute: 1048576 to 1048576\n - Setup SecRequestBodyInMemoryLimit Attribute: 131072 to 131072\n - Setup SecRuleEngine Attribute: Off to DetectionOnly\n - SecRequestBodyLimit was blocked \n - Setup SecPcreMatchLimit Attribute: 1000 to 1000\n - Setup SecPcreMatchLimit Attribute: 1000 to 1000\n - Setup SecResponseBodyAccess Attribute: On to On\n - Setup SecResponseBodyMimeType Attribute: text/plain to text/plain\n - Setup SecResponseBodyLimit Attribute: 524288 to 524288\n - Setup SecResponseBodyLimit Attribute: 524288 to 524288\n - Setup SecTmpDir Attribute: /tmp/ to /tmp/\n - Setup SecDataDir Attribute: /tmp/ to /tmp/\n - Setup SecUploadDir Attribute: /opt/modsecurity/var/upload/ to /opt/modsecurity/var/upload/\n - Setup SecUploadKeepFiles Attribute: RelevantOnly to RelevantOnly\n - Setup SecUploadFileMode Attribute: 0600 to 0600\n - SecDebugLog was blocked \n - SecDebugLog was blocked \n - SecDebugLogLevel was blocked \n - Setup SecAuditEngine Attribute: RelevantOnly to RelevantOnly\n - Setup SecAuditLog Attribute: /var/log/apache2/modsec_audit.log to /var/log/apache2/modsec_audit.log\n - Setup SecAuditLog Attribute: /var/log/apache2/modsec_audit.log to /var/log/apache2/modsec_audit.log\n - Setup SecAuditLog Attribute: /var/log/apache2/modsec_audit.log to /var/log/apache2/modsec_audit.log\n - Setup SecAuditLog Attribute: /var/log/apache2/modsec_audit.log to /var/log/apache2/modsec_audit.log\n - Setup SecAuditLog Attribute: /var/log/apache2/modsec_audit.log to /var/log/apache2/modsec_audit.log\n - Setup SecArgumentSeparator Attribute: & to &\n - Setup SecCookieFormat Attribute: 0 to 0\n - Setup SecUnicodeMapFile Attribute: unicode.mapping 20127 to unicode.mapping 20127\n - Setup SecStatusEngine Attribute: On to On\n','2017-08-30 12:17:43',13),(14,'User Loggin','2017-08-30 17:46:37',13),(15,'User Loggin','2017-08-30 19:28:19',13),(16,'User Loggin','2017-08-30 19:58:36',13),(17,'User Loggin','2017-08-31 00:12:05',13),(18,'User Loggin','2017-08-31 00:36:17',13),(19,'User Loggin','2017-08-31 09:58:49',13),(20,'User Loggin','2017-08-31 10:33:45',13),(21,'User Loggin','2017-08-31 11:07:03',13),(22,'User Loggin','2017-08-31 11:45:37',13),(23,'User Loggin','2017-08-31 12:42:07',13),(24,'User Loggin','2017-08-31 14:03:21',13),(25,'User Loggin','2017-08-31 16:14:14',13),(26,'User Loggin','2017-08-31 16:21:18',13),(27,'User Loggin','2017-09-04 11:08:42',13),(28,'User Loggin','2017-09-04 12:07:02',13),(29,'User Loggin','2017-09-04 13:52:48',13),(30,'User Loggin','2017-09-04 19:01:33',13),(31,'User Loggin','2017-09-05 09:42:23',13),(32,'User Loggin','2017-09-05 11:28:46',13),(33,'User Loggin','2017-09-05 11:35:24',13),(34,'User Loggin','2017-09-05 18:19:36',13),(35,'User Loggin','2017-09-05 18:45:57',13),(36,'User Loggin','2017-09-05 19:00:22',14),(37,'User Loggin','2017-09-05 19:47:16',14),(38,'User Loggin','2017-09-06 09:54:57',13),(39,'User Loggin','2017-09-06 11:09:20',13),(40,'User Loggin','2017-09-06 11:45:18',13),(41,'ModSecurity.conf setup - Setup SecRuleEngine Attribute: DetectionOnly to On\n - Setup SecRequestBodyAccess Attribute: On to On\n - SecRequestBodyLimit was blocked \n - Setup SecRequestBodyNoFilesLimit Attribute: 1048576 to 1048576\n - Setup SecRequestBodyInMemoryLimit Attribute: 131072 to 131072\n - Setup SecRuleEngine Attribute: DetectionOnly to On\n - SecRequestBodyLimit was blocked \n - Setup SecPcreMatchLimit Attribute: 1000 to 1000\n - Setup SecPcreMatchLimit Attribute: 1000 to 1000\n - Setup SecResponseBodyAccess Attribute: On to On\n - Setup SecResponseBodyMimeType Attribute: text/plain to text/plain\n - Setup SecResponseBodyLimit Attribute: 524288 to 524288\n - Setup SecResponseBodyLimit Attribute: 524288 to 524288\n - Setup SecTmpDir Attribute: /tmp/ to /tmp/\n - Setup SecDataDir Attribute: /tmp/ to /tmp/\n - Setup SecUploadDir Attribute: /opt/modsecurity/var/upload/ to /opt/modsecurity/var/upload/\n - Setup SecUploadKeepFiles Attribute: RelevantOnly to RelevantOnly\n - Setup SecUploadFileMode Attribute: 0600 to 0600\n - SecDebugLog was blocked \n - SecDebugLog was blocked \n - SecDebugLogLevel was blocked \n - Setup SecAuditEngine Attribute: RelevantOnly to RelevantOnly\n - Setup SecAuditLog Attribute: /var/log/apache2/modsec_audit.log to /var/log/apache2/modsec_audit.log\n - Setup SecAuditLog Attribute: /var/log/apache2/modsec_audit.log to /var/log/apache2/modsec_audit.log\n - Setup SecAuditLog Attribute: /var/log/apache2/modsec_audit.log to /var/log/apache2/modsec_audit.log\n - Setup SecAuditLog Attribute: /var/log/apache2/modsec_audit.log to /var/log/apache2/modsec_audit.log\n - Setup SecAuditLog Attribute: /var/log/apache2/modsec_audit.log to /var/log/apache2/modsec_audit.log\n - Setup SecArgumentSeparator Attribute: & to &\n - Setup SecCookieFormat Attribute: 0 to 0\n - Setup SecUnicodeMapFile Attribute: unicode.mapping 20127 to unicode.mapping 20127\n - Setup SecStatusEngine Attribute: On to On\n','2017-09-06 11:45:58',13),(42,'User Loggin','2017-09-07 19:44:27',13),(43,'ModSecurity.conf setup - Setup SecRuleEngine Attribute: On to DetectionOnly\n - Setup SecRequestBodyAccess Attribute: On to On\n - SecRequestBodyLimit was blocked \n - Setup SecRequestBodyNoFilesLimit Attribute: 1048576 to 1048576\n - Setup SecRequestBodyInMemoryLimit Attribute: 131072 to 131072\n - Setup SecRuleEngine Attribute: On to DetectionOnly\n - SecRequestBodyLimit was blocked \n - Setup SecPcreMatchLimit Attribute: 1000 to 1000\n - Setup SecPcreMatchLimit Attribute: 1000 to 1000\n - Setup SecResponseBodyAccess Attribute: On to On\n - Setup SecResponseBodyMimeType Attribute: text/plain to text/plain\n - Setup SecResponseBodyLimit Attribute: 524288 to 524288\n - Setup SecResponseBodyLimit Attribute: 524288 to 524288\n - Setup SecTmpDir Attribute: /tmp/ to /tmp/\n - Setup SecDataDir Attribute: /tmp/ to /tmp/\n - Setup SecUploadDir Attribute: /opt/modsecurity/var/upload/ to /opt/modsecurity/var/upload/\n - Setup SecUploadKeepFiles Attribute: RelevantOnly to RelevantOnly\n - Setup SecUploadFileMode Attribute: 0600 to 0600\n - SecDebugLog was blocked \n - SecDebugLog was blocked \n - SecDebugLogLevel was blocked \n - Setup SecAuditEngine Attribute: RelevantOnly to RelevantOnly\n - Setup SecAuditLog Attribute: /var/log/apache2/modsec_audit.log to /var/log/apache2/modsec_audit.log\n - Setup SecAuditLog Attribute: /var/log/apache2/modsec_audit.log to /var/log/apache2/modsec_audit.log\n - Setup SecAuditLog Attribute: /var/log/apache2/modsec_audit.log to /var/log/apache2/modsec_audit.log\n - Setup SecAuditLog Attribute: /var/log/apache2/modsec_audit.log to /var/log/apache2/modsec_audit.log\n - Setup SecAuditLog Attribute: /var/log/apache2/modsec_audit.log to /var/log/apache2/modsec_audit.log\n - Setup SecArgumentSeparator Attribute: & to &\n - Setup SecCookieFormat Attribute: 0 to 0\n - Setup SecUnicodeMapFile Attribute: unicode.mapping 20127 to unicode.mapping 20127\n - Setup SecStatusEngine Attribute: On to On\n','2017-09-07 19:45:00',13),(44,'User Loggin','2017-09-08 09:50:02',13),(45,'User Loggin','2017-09-08 11:43:06',13),(46,'User Loggin','2017-09-08 12:18:01',13),(47,'User Loggin','2017-09-08 12:21:57',13),(48,'User Loggin','2017-09-08 17:22:53',13),(49,'User Loggin','2017-09-08 17:37:10',13),(50,'User Loggin','2017-09-08 18:58:39',13),(51,'User Loggin','2017-09-08 19:35:16',13),(52,'User Loggin','2017-09-08 19:41:43',13),(53,'User Loggin','2017-09-08 21:18:06',13),(54,'User Loggin','2017-09-11 09:21:06',13),(55,'User Loggin','2017-09-11 09:37:46',13),(56,'User Loggin','2017-09-12 08:13:31',13),(57,'User Loggin','2017-09-12 12:22:14',13),(58,'ModSecurity.conf setup - Setup SecRuleEngine Attribute: DetectionOnly to On\n - Setup SecRequestBodyAccess Attribute: On to On\n - SecRequestBodyLimit was blocked \n - Setup SecRequestBodyNoFilesLimit Attribute: 1048576 to 1048576\n - Setup SecRequestBodyInMemoryLimit Attribute: 131072 to 131072\n - Setup SecRuleEngine Attribute: DetectionOnly to On\n - SecRequestBodyLimit was blocked \n - Setup SecPcreMatchLimit Attribute: 1000 to 1000\n - Setup SecPcreMatchLimit Attribute: 1000 to 1000\n - Setup SecResponseBodyAccess Attribute: On to On\n - Setup SecResponseBodyMimeType Attribute: text/plain to text/plain\n - Setup SecResponseBodyLimit Attribute: 524288 to 524288\n - Setup SecResponseBodyLimit Attribute: 524288 to 524288\n - Setup SecTmpDir Attribute: /tmp/ to /tmp/\n - Setup SecDataDir Attribute: /tmp/ to /tmp/\n - Setup SecUploadDir Attribute: /opt/modsecurity/var/upload/ to /opt/modsecurity/var/upload/\n - Setup SecUploadKeepFiles Attribute: RelevantOnly to RelevantOnly\n - Setup SecUploadFileMode Attribute: 0600 to 0600\n - SecDebugLog was blocked \n - SecDebugLog was blocked \n - SecDebugLogLevel was blocked \n - Setup SecAuditEngine Attribute: RelevantOnly to RelevantOnly\n - Setup SecAuditLog Attribute: /var/log/apache2/modsec_audit.log to /var/log/apache2/modsec_audit.log\n - Setup SecAuditLog Attribute: /var/log/apache2/modsec_audit.log to /var/log/apache2/modsec_audit.log\n - Setup SecAuditLog Attribute: /var/log/apache2/modsec_audit.log to /var/log/apache2/modsec_audit.log\n - Setup SecAuditLog Attribute: /var/log/apache2/modsec_audit.log to /var/log/apache2/modsec_audit.log\n - Setup SecAuditLog Attribute: /var/log/apache2/modsec_audit.log to /var/log/apache2/modsec_audit.log\n - Setup SecArgumentSeparator Attribute: & to &\n - Setup SecCookieFormat Attribute: 0 to 0\n - Setup SecUnicodeMapFile Attribute: unicode.mapping 20127 to unicode.mapping 20127\n - Setup SecStatusEngine Attribute: On to On\n','2017-09-12 12:57:51',13),(59,'User Loggin','2017-09-12 17:01:56',13),(60,'User Loggin','2017-09-12 17:09:48',14),(61,'User Loggin','2017-09-12 17:26:19',13),(62,'ModSecurity.conf setup - Setup SecRuleEngine Attribute: DetectionOnly to On\n - Setup SecRequestBodyAccess Attribute: On to On\n - SecRequestBodyLimit was blocked \n - Setup SecRequestBodyNoFilesLimit Attribute: 131072 to 1048576\n - Setup SecRequestBodyInMemoryLimit Attribute: 131072 to 131072\n - Setup SecRuleEngine Attribute: when  is set to DetectionOnly mode in order to minimize to On\n - Setup SecRequestBodyLimitAction Attribute: Reject to Reject\n - Setup SecPcreMatchLimit Attribute: 1000 to 1000\n - Setup SecPcreMatchLimitRecursion Attribute: 1000 to 1000\n - Setup SecResponseBodyAccess Attribute: On to On\n - Setup SecResponseBodyMimeType Attribute: text/plain text/html text/xml to text/plain\n - Setup SecResponseBodyLimit Attribute: 524288 to 524288\n - Setup SecResponseBodyLimitAction Attribute: ProcessPartial to ProcessPartial\n - Setup SecTmpDir Attribute: /tmp/ to /tmp/\n - Setup SecDataDir Attribute: /tmp/ to /tmp/\n - Setup SecUploadDir Attribute: /opt/modsecurity/var/upload/ to /opt/modsecurity/var/upload/\n - Setup SecUploadKeepFiles Attribute: RelevantOnly to RelevantOnly\n - Setup SecUploadFileMode Attribute: 0600 to 0600\n - SecDebugLog was blocked \n - SecDebugLogLevel was blocked \n - Setup SecAuditEngine Attribute: RelevantOnly to RelevantOnly\n - Setup SecAuditLogRelevantStatus Attribute: \"^(?:5|4(?!04))\" to ^(?:5|4(?!04))\n - Setup SecAuditLogParts Attribute: ABIJDEFHZ to ABIJDEFHZ\n - Setup SecAuditLogType Attribute: Serial to Concurrent\n - Setup SecAuditLog Attribute: /var/log/apache2/modsec_audit.log to \"|/etc/modsecurity-2.9.2/mlogc/mlogc /etc/modsecurity-2.9.2/mlogc/mlogc.conf\"\n - SecAuditLogStorageDir was blocked \n - Setup SecArgumentSeparator Attribute: & to &\n - Setup SecCookieFormat Attribute: 0 to 0\n - Setup SecUnicodeMapFile Attribute: unicode.mapping 20127 to unicode.mapping 20127\n - Setup SecStatusEngine Attribute: On to On\n','2017-09-12 17:39:00',13),(63,'ModSecurity.conf setup - Setup SecRuleEngine Attribute: On to On\n - Setup SecRequestBodyAccess Attribute: On to On\n - SecRequestBodyLimit was blocked \n - Setup SecRequestBodyNoFilesLimit Attribute: 1048576 to 1048576\n - Setup SecRequestBodyInMemoryLimit Attribute: 131072 to 131072\n - Setup SecRuleEngine Attribute: On to On\n - Setup SecRequestBodyLimitAction Attribute: Reject to Reject\n - Setup SecPcreMatchLimit Attribute: 1000 to 1000\n - Setup SecPcreMatchLimitRecursion Attribute: 1000 to 1000\n - Setup SecResponseBodyAccess Attribute: On to On\n - Setup SecResponseBodyMimeType Attribute: text/plain to text/plain\n - Setup SecResponseBodyLimit Attribute: 524288 to 524288\n - Setup SecResponseBodyLimitAction Attribute: ProcessPartial to ProcessPartial\n - Setup SecTmpDir Attribute: /tmp/ to /tmp/\n - Setup SecDataDir Attribute: /tmp/ to /tmp/\n - Setup SecUploadDir Attribute: /opt/modsecurity/var/upload/ to /opt/modsecurity/var/upload/\n - Setup SecUploadKeepFiles Attribute: RelevantOnly to RelevantOnly\n - Setup SecUploadFileMode Attribute: 0600 to 0600\n - SecDebugLog was blocked \n - SecDebugLogLevel was blocked \n - Setup SecAuditEngine Attribute: RelevantOnly to RelevantOnly\n - Setup SecAuditLogRelevantStatus Attribute: \"^(?:5|4(?!04))\" to ^(?:5|4(?!04))\n - Setup SecAuditLogParts Attribute: ABIJDEFHZ to ABIJDEFHZ\n - Setup SecAuditLogType Attribute: Concurrent to Concurrent\n - Setup SecAuditLog Attribute: \"|/etc/modsecurity-2.9.2/mlogc/mlogc /etc/modsecurity-2.9.2/mlogc/mlogc.conf\" to |/etc/modsecurity-2.9.2/mlogc/mlogc /etc/modsecurity-2.9.2/mlogc/mlogc.conf\n - Setup SecAuditLogStorageDir Attribute: /opt/modsecurity/var/audit/ to /tmp/mlogc/\n - Setup SecArgumentSeparator Attribute: & to &\n - Setup SecCookieFormat Attribute: 0 to 0\n - Setup SecUnicodeMapFile Attribute: unicode.mapping 20127 to unicode.mapping 20127\n - Setup SecStatusEngine Attribute: On to On\n','2017-09-12 17:42:23',13),(64,'User Loggin','2017-09-12 18:24:11',13),(65,'User Loggin','2017-09-12 18:30:35',13),(66,'User Loggin','2017-09-13 09:09:08',14),(67,'User Loggin','2017-09-13 11:59:08',14),(68,'User Loggin','2017-09-13 13:20:44',13),(69,'User Loggin','2017-09-13 21:33:44',13),(70,'User Loggin','2017-09-14 09:29:44',13),(71,'User Loggin','2017-09-14 15:32:19',13),(72,'User Loggin','2017-09-14 18:38:17',13),(73,'User Loggin','2017-09-14 19:24:19',14),(74,'User Loggin','2017-09-14 20:45:29',14),(75,'ModSecurity.conf setup - Setup SecRuleEngine Attribute: On to DetectionOnly\n - Setup SecRequestBodyAccess Attribute: On to On\n - SecRequestBodyLimit was blocked \n - Setup SecRequestBodyNoFilesLimit Attribute: 1048576 to 1048576\n - Setup SecRequestBodyInMemoryLimit Attribute: 131072 to 131072\n - Setup SecRuleEngine Attribute: On to DetectionOnly\n - Setup SecRequestBodyLimitAction Attribute: Reject to Reject\n - Setup SecPcreMatchLimit Attribute: 1000 to 1000\n - Setup SecPcreMatchLimitRecursion Attribute: 1000 to 1000\n - Setup SecResponseBodyAccess Attribute: On to On\n - Setup SecResponseBodyMimeType Attribute: text/plain to text/plain\n - Setup SecResponseBodyLimit Attribute: 524288 to 524288\n - Setup SecResponseBodyLimitAction Attribute: ProcessPartial to ProcessPartial\n - Setup SecTmpDir Attribute: /tmp/ to /tmp/\n - Setup SecDataDir Attribute: /tmp/ to /tmp/\n - Setup SecUploadDir Attribute: /opt/modsecurity/var/upload/ to /opt/modsecurity/var/upload/\n - Setup SecUploadKeepFiles Attribute: RelevantOnly to RelevantOnly\n - Setup SecUploadFileMode Attribute: 0600 to 0600\n - SecDebugLog was blocked \n - SecDebugLogLevel was blocked \n - Setup SecAuditEngine Attribute: RelevantOnly to RelevantOnly\n - Setup SecAuditLogRelevantStatus Attribute: \"^(?:5|4(?!04))\" to ^(?:5|4(?!04))\n - Setup SecAuditLogParts Attribute: ABIJDEFHZ to ABIJDEFHZ\n - Setup SecAuditLogType Attribute: Concurrent to Concurrent\n - Setup SecAuditLog Attribute: \"|/usr/bin/mlogc /etc/mlogc.conf\" to |/etc/modsecurity-2.9.2/mlogc/mlogc /etc/modsecurity-2.9.2/mlogc/mlogc.conf\n - Setup SecAuditLogStorageDir Attribute: /tmp/mlogc/data to /tmp/mlogc/\n - Setup SecArgumentSeparator Attribute: & to &\n - Setup SecCookieFormat Attribute: 0 to 0\n - Setup SecUnicodeMapFile Attribute: unicode.mapping 20127 to unicode.mapping 20127\n - Setup SecStatusEngine Attribute: On to On\n','2017-09-14 20:50:27',14),(76,'ModSecurity.conf setup - Setup SecRuleEngine Attribute: DetectionOnly to Off\n - Setup SecRequestBodyAccess Attribute: On to On\n - SecRequestBodyLimit was blocked \n - Setup SecRequestBodyNoFilesLimit Attribute: 1048576 to 1048576\n - Setup SecRequestBodyInMemoryLimit Attribute: 131072 to 131072\n - Setup SecRuleEngine Attribute: DetectionOnly to Off\n - Setup SecRequestBodyLimitAction Attribute: Reject to Reject\n - Setup SecPcreMatchLimit Attribute: 1000 to 1000\n - Setup SecPcreMatchLimitRecursion Attribute: 1000 to 1000\n - Setup SecResponseBodyAccess Attribute: On to On\n - Setup SecResponseBodyMimeType Attribute: text/plain to text/plain\n - Setup SecResponseBodyLimit Attribute: 524288 to 524288\n - Setup SecResponseBodyLimitAction Attribute: ProcessPartial to ProcessPartial\n - Setup SecTmpDir Attribute: /tmp/ to /tmp/\n - Setup SecDataDir Attribute: /tmp/ to /tmp/\n - Setup SecUploadDir Attribute: /opt/modsecurity/var/upload/ to /opt/modsecurity/var/upload/\n - Setup SecUploadKeepFiles Attribute: RelevantOnly to RelevantOnly\n - Setup SecUploadFileMode Attribute: 0600 to 0600\n - SecDebugLog was blocked \n - SecDebugLogLevel was blocked \n - Setup SecAuditEngine Attribute: RelevantOnly to RelevantOnly\n - Setup SecAuditLogRelevantStatus Attribute: ^(?:5|4(?!04)) to ^(?:5|4(?!04))\n - Setup SecAuditLogParts Attribute: ABIJDEFHZ to ABIJDEFHZ\n - Setup SecAuditLogType Attribute: Concurrent to Concurrent\n - Setup SecAuditLog Attribute: |/etc/modsecurity-2.9.2/mlogc/mlogc /etc/modsecurity-2.9.2/mlogc/mlogc.conf to |/etc/modsecurity-2.9.2/mlogc/mlogc /etc/modsecurity-2.9.2/mlogc/mlogc.conf\n - Setup SecAuditLogStorageDir Attribute: /tmp/mlogc/ to /tmp/mlogc/\n - Setup SecArgumentSeparator Attribute: & to &\n - Setup SecCookieFormat Attribute: 0 to 0\n - Setup SecUnicodeMapFile Attribute: unicode.mapping 20127 to unicode.mapping 20127\n - Setup SecStatusEngine Attribute: On to On\n','2017-09-14 20:51:06',14),(77,'User Loggin','2017-09-15 17:55:31',14),(78,'User Loggin','2017-09-15 18:45:45',14),(79,'User Loggin','2017-09-19 11:11:35',14),(80,'User Loggin','2017-09-20 15:23:47',14),(81,'User Loggin','2017-09-20 18:33:52',14),(82,'User Loggin','2017-09-20 18:55:21',14),(83,'User Loggin','2017-09-20 22:00:59',14),(84,'User Loggin','2017-09-20 22:18:18',14),(85,'User Loggin','2017-09-20 22:54:33',14),(86,'User Loggin','2017-09-20 23:04:26',14),(87,'User Loggin','2017-09-20 23:11:12',14),(88,'User Loggin','2017-09-20 23:15:53',14),(89,'User Loggin','2017-09-21 15:21:55',14),(90,'User Loggin','2017-09-22 17:53:28',14),(91,'User Loggin','2017-09-23 01:30:12',14),(92,'User Loggin','2017-09-23 11:10:26',14),(93,'User Loggin','2017-09-25 11:54:39',14),(94,'User Loggin','2017-09-25 11:58:56',14),(95,'User Loggin','2017-09-25 16:23:48',14),(96,'User Loggin','2017-09-25 16:50:30',14),(97,'User Loggin','2017-09-25 17:25:03',14),(98,'User Loggin','2017-09-25 17:53:11',14),(99,'User Loggin','2017-09-25 18:01:27',14),(100,'User Loggin','2017-09-25 18:37:37',14),(101,'User Loggin','2017-09-25 18:54:16',14),(102,'User Loggin','2017-09-25 21:32:21',14),(103,'User Loggin','2017-09-25 21:44:16',14),(104,'User Loggin','2017-09-26 10:05:10',14),(105,'User Loggin','2017-09-26 11:35:52',14),(106,'User Loggin','2017-09-26 11:47:20',14),(107,'User Loggin','2017-09-26 12:45:40',14),(108,'User Loggin','2017-09-26 12:51:01',14),(109,'User Loggin','2017-09-26 13:00:11',14),(110,'User Loggin','2017-09-26 13:02:07',14),(111,'User Loggin','2017-09-26 13:04:15',14),(112,'User Loggin','2017-09-26 13:29:51',14),(113,'User Loggin','2017-09-26 13:45:59',14),(114,'User Loggin','2017-09-26 17:52:09',14),(115,'User Loggin','2017-09-26 18:06:36',14),(116,'User Loggin','2017-09-26 18:21:30',14),(117,'User Loggin','2017-09-26 18:43:56',14),(118,'Rule Block - Current Values : 910000,980130 - New Values: 910000,920350','2017-09-26 18:44:15',14),(119,'User Loggin','2017-09-26 19:56:51',14),(120,'User Loggin','2017-09-26 20:16:56',14),(121,'User Loggin','2017-09-27 11:37:16',14),(122,'User Loggin','2017-09-27 11:52:02',14),(123,'User Loggin','2017-09-27 12:40:48',14),(124,'User Loggin','2017-09-27 19:22:51',14),(125,'User Loggin','2017-09-27 20:22:51',14),(126,'User Loggin','2017-09-27 20:41:55',14),(127,'User Loggin','2017-09-27 20:57:08',14),(128,'User Loggin','2017-09-28 10:47:18',14),(129,'User Loggin','2017-09-28 11:07:50',14),(130,'User Loggin','2017-09-28 11:34:24',14),(131,'User Loggin','2017-09-28 12:08:16',14),(132,'User Loggin','2017-09-28 12:11:49',14),(133,'User Loggin','2017-09-28 12:17:06',14),(134,'User Loggin','2017-09-28 12:46:34',14),(135,'User Loggin','2017-09-28 12:57:13',14),(136,'User Loggin','2017-09-28 13:16:59',14),(137,'User Loggin','2017-09-28 14:00:50',14),(138,'User Loggin','2017-09-28 14:31:36',14),(139,'User Loggin','2017-09-28 19:34:20',14),(140,'User Loggin','2017-09-28 19:55:58',14),(141,'User Loggin','2017-09-28 20:28:01',14),(142,'User Loggin','2017-09-28 20:34:27',14),(143,'User Loggin','2017-09-28 20:41:39',14),(144,'User Loggin','2017-09-28 20:59:17',14),(145,'User Loggin','2017-09-29 18:32:52',14),(146,'User Loggin','2017-09-29 19:13:13',14),(147,'User Loggin','2017-09-29 19:23:46',14),(148,'User Loggin','2017-09-29 19:30:28',14),(149,'User Loggin','2017-09-29 20:08:40',14),(150,'User Loggin','2017-09-29 20:26:09',13),(151,'User Loggin','2017-09-30 08:57:20',14),(152,'User Loggin','2017-09-30 10:12:39',14),(153,'User Loggin','2017-09-30 10:37:20',13),(154,'User Loggin','2017-09-30 10:47:00',13),(155,'User Loggin','2017-09-30 12:05:40',14),(156,'User Loggin','2017-09-30 18:48:54',13),(157,'User Loggin','2017-10-02 20:16:25',13),(158,'User Loggin','2017-10-03 18:19:36',13),(159,'User Loggin','2017-10-03 18:47:16',13),(160,'User Loggin','2017-10-03 19:52:54',13),(161,'User Loggin','2017-10-04 20:06:08',13),(162,'User Loggin','2017-10-05 17:22:48',13),(163,'User Loggin','2017-10-05 17:50:24',13),(164,'User Loggin','2017-10-05 18:41:02',13),(165,'User Loggin','2017-10-05 19:36:51',13),(166,'User Loggin','2017-10-05 22:50:22',13),(167,'User Loggin','2017-10-07 12:27:38',13),(168,'User Loggin','2017-10-07 12:37:59',13),(169,'User Loggin','2017-10-08 16:31:28',13),(170,'User Loggin','2017-10-08 20:14:09',13),(171,'User Loggin','2017-10-08 22:26:14',13),(172,'User Loggin','2017-10-09 20:34:54',13),(173,'User Loggin','2017-10-10 17:24:59',13),(174,'User Loggin','2017-10-10 18:36:21',13),(175,'User Loggin','2017-10-10 18:45:50',13),(176,'User Loggin','2017-10-10 18:50:38',13),(177,'User Loggin','2017-10-10 18:52:46',13),(178,'User Loggin','2017-10-10 18:55:50',13),(179,'User Loggin','2017-10-10 20:16:05',13),(180,'User Loggin','2017-10-10 20:16:48',13),(181,'User Loggin','2017-10-10 20:24:17',13),(182,'User Loggin','2017-10-12 20:19:45',13),(183,'User Loggin','2017-10-12 20:37:23',13),(184,'User Loggin','2017-10-12 20:53:18',13),(185,'User Loggin','2017-10-14 14:33:26',13),(186,'User Loggin','2017-10-14 14:40:16',13),(187,'User Loggin','2017-10-14 16:58:44',13),(188,'User Loggin','2017-10-14 17:00:32',13),(189,'User Loggin','2017-10-14 17:26:34',13),(190,'User Loggin','2017-10-14 18:58:09',13),(191,'User Loggin','2017-10-17 17:22:06',13),(192,'User Loggin','2017-10-17 18:48:34',13),(193,'User Loggin','2017-10-17 21:41:58',13),(194,'User Loggin','2017-10-17 22:09:17',13),(195,'User Loggin','2017-10-17 22:30:35',13),(196,'User Loggin','2017-10-17 22:30:59',13),(197,'User Loggin','2017-10-17 22:40:15',13),(198,'User Loggin','2017-10-18 20:26:17',13),(199,'User Loggin','2017-10-18 20:34:10',13),(200,'User Loggin','2017-10-18 20:45:00',13),(201,'User Loggin','2017-10-18 22:07:25',13),(202,'User Loggin','2017-10-19 17:21:16',13),(203,'User Loggin','2017-10-19 17:57:26',13),(204,'User Loggin','2017-10-19 18:52:27',13),(205,'User Loggin','2017-10-19 20:47:52',13),(206,'User Loggin','2017-10-19 22:34:35',13),(207,'User Loggin','2017-10-19 22:47:53',13),(208,'User Loggin','2017-10-20 21:06:00',13),(209,'User Loggin','2017-10-21 20:19:51',13),(210,'User Loggin','2017-10-22 15:42:10',13),(211,'User Loggin','2017-10-22 16:13:16',13),(212,'User Loggin','2017-10-23 23:23:31',13),(213,'User Loggin','2017-10-24 17:43:01',13),(214,'User Loggin','2017-10-24 21:37:58',13),(215,'User Loggin','2017-10-25 22:53:03',13),(216,'User Loggin','2017-10-26 18:24:31',13),(217,'User Loggin','2017-10-26 19:01:42',13),(218,'User Loggin','2017-10-26 22:14:02',13),(219,'User Loggin','2017-10-28 20:25:57',13),(220,'User Loggin','2017-10-29 22:22:23',13),(221,'User Loggin','2017-10-30 16:25:35',13),(222,'User Loggin','2017-10-30 22:40:44',13),(223,'User Loggin','2017-10-31 17:45:53',13),(224,'User Loggin','2017-10-31 17:50:09',13),(225,'User Loggin','2017-10-31 18:09:42',13),(226,'There was an error trying to blocking rules - java.io.FileNotFoundException: /usr/share/modsecurity-crs/rules/RESPONSE-999-EXCLUSION-RULES-AFTER-CRS.conf (No such file or directory)','2017-10-31 18:14:03',13),(227,'User Loggin','2017-10-31 19:45:32',13),(228,'User Loggin','2017-10-31 20:16:26',13),(229,'User Loggin','2017-10-31 20:17:33',13),(230,'User Loggin','2017-10-31 20:30:32',13),(231,'mlogc.conf setup - Setup ConsoleURI Attribute: \"https://CONSOLE_IP_ADDRESS:8888/rpc/auditLogReceiver\" to \"http://localhost:8084/modsecurityWafProject/put\"\n - Setup ConsoleURI Attribute: \"http://localhost:8084/modsecurityWafProject/put\" to \"http://localhost:8084/modsecurityWafProject/put\"\n','2017-10-31 20:37:24',13),(232,'User Loggin','2017-11-21 12:37:44',13),(233,'User Loggin','2017-11-21 13:07:05',13),(234,'User Loggin','2017-11-22 10:15:16',13),(235,'User Loggin','2017-11-22 11:21:39',13),(236,'modsecurity.conf setup - Setup SecRuleEngine Attribute: DetectionOnly to Off\n - Setup SecRequestBodyAccess Attribute: On to On\n - Setup SecRequestBodyNoFilesLimit Attribute: 131072 to 1048576\n - Setup SecRequestBodyInMemoryLimit Attribute: 131072 to 131072\n - Setup SecRequestBodyLimitAction Attribute: Reject to Reject\n - Setup SecPcreMatchLimit Attribute: 1000 to 1000\n - Setup SecPcreMatchLimitRecursion Attribute: 1000 to 1000\n - Setup SecResponseBodyAccess Attribute: On to On\n - Setup SecResponseBodyMimeType Attribute: text/plain text/html text/xml to text/plain\n - Setup SecResponseBodyLimit Attribute: 524288 to 524288\n - Setup SecResponseBodyLimitAction Attribute: ProcessPartial to ProcessPartial\n - Setup SecTmpDir Attribute: /tmp/ to /tmp/\n - Setup SecDataDir Attribute: /tmp/ to /tmp/\n - Setup SecUploadDir Attribute: /opt/modsecurity/var/upload/ to /opt/modsecurity/var/upload/\n - Setup SecUploadKeepFiles Attribute: RelevantOnly to RelevantOnly\n - Setup SecUploadFileMode Attribute: 0600 to 0600\n - Setup SecAuditEngine Attribute: RelevantOnly to RelevantOnly\n - Setup SecAuditLogRelevantStatus Attribute: \"^(?:5|4(?!04))\" to ^(?:5|4(?!04))\n - Setup SecAuditLogParts Attribute: ABIJDEFHZ to ABIJDEFHZ\n - Setup SecAuditLogType Attribute: Serial to Concurrent\n - Setup SecAuditLog Attribute: /var/log/apache2/modsec_audit.log to |/etc/modsecurity-2.9.2/mlogc/mlogc /etc/modsecurity-2.9.2/mlogc/mlogc.conf\n - Setup SecAuditLogStorageDir Attribute: /opt/modsecurity/var/audit/ to /tmp/mlogc/\n - Setup SecArgumentSeparator Attribute: & to &\n - Setup SecCookieFormat Attribute: 0 to 0\n - Setup SecUnicodeMapFile Attribute: unicode.mapping 20127 to unicode.mapping 20127\n - Setup SecStatusEngine Attribute: On to On\n','2017-11-22 11:24:48',13),(237,'modsecurity.conf setup - Setup SecRuleEngine Attribute: Off to Off\n - Setup SecRequestBodyAccess Attribute: On to On\n - Setup SecRequestBodyNoFilesLimit Attribute: 1048576 to 1048576\n - Setup SecRequestBodyInMemoryLimit Attribute: 131072 to 131072\n - Setup SecRequestBodyLimitAction Attribute: Reject to Reject\n - Setup SecPcreMatchLimit Attribute: 1000 to 1000\n - Setup SecPcreMatchLimitRecursion Attribute: 1000 to 1000\n - Setup SecResponseBodyAccess Attribute: On to On\n - Setup SecResponseBodyMimeType Attribute: text/plain to text/plain\n - Setup SecResponseBodyLimit Attribute: 524288 to 524288\n - Setup SecResponseBodyLimitAction Attribute: ProcessPartial to ProcessPartial\n - Setup SecTmpDir Attribute: /tmp/ to /tmp/\n - Setup SecDataDir Attribute: /tmp/ to /tmp/\n - Setup SecUploadDir Attribute: /opt/modsecurity/var/upload/ to /opt/modsecurity/var/upload/\n - Setup SecUploadKeepFiles Attribute: RelevantOnly to RelevantOnly\n - Setup SecUploadFileMode Attribute: 0600 to 0600\n - Setup SecAuditEngine Attribute: RelevantOnly to RelevantOnly\n - Setup SecAuditLogRelevantStatus Attribute: ^(?:5|4(?!04)) to ^(?:5|4(?!04))\n - Setup SecAuditLogParts Attribute: ABIJDEFHZ to ABIJDEFHZ\n - Setup SecAuditLogType Attribute: Concurrent to Concurrent\n - Setup SecAuditLog Attribute: |/etc/modsecurity-2.9.2/mlogc/mlogc /etc/modsecurity-2.9.2/mlogc/mlogc.conf to |/etc/modsecurity-2.9.2/mlogc/mlogc /etc/modsecurity-2.9.2/mlogc/mlogc.conf\n - Setup SecAuditLogStorageDir Attribute: /tmp/mlogc/ to /tmp/mlogc/\n - Setup SecArgumentSeparator Attribute: & to &\n - Setup SecCookieFormat Attribute: 0 to 0\n - Setup SecUnicodeMapFile Attribute: unicode.mapping 20127 to unicode.mapping 20127\n - Setup SecStatusEngine Attribute: On to On\n','2017-11-22 11:38:06',13),(238,'modsecurity.conf setup - Setup SecRuleEngine Attribute: Off to Off\n - Setup SecRequestBodyAccess Attribute: On to On\n - Setup SecRequestBodyNoFilesLimit Attribute: 1048576 to 1048576\n - Setup SecRequestBodyInMemoryLimit Attribute: 131072 to 131072\n - Setup SecRequestBodyLimitAction Attribute: Reject to Reject\n - Setup SecPcreMatchLimit Attribute: 1000 to 1000\n - Setup SecPcreMatchLimitRecursion Attribute: 1000 to 1000\n - Setup SecResponseBodyAccess Attribute: On to On\n - Setup SecResponseBodyMimeType Attribute: text/plain to text/plain\n - Setup SecResponseBodyLimit Attribute: 524288 to 524288\n - Setup SecResponseBodyLimitAction Attribute: ProcessPartial to ProcessPartial\n - Setup SecTmpDir Attribute: /tmp/ to /tmp/\n - Setup SecDataDir Attribute: /tmp/ to /tmp/\n - Setup SecUploadDir Attribute: /opt/modsecurity/var/upload/ to /opt/modsecurity/var/upload/\n - Setup SecUploadKeepFiles Attribute: RelevantOnly to RelevantOnly\n - Setup SecUploadFileMode Attribute: 0600 to 0600\n - Setup SecAuditEngine Attribute: RelevantOnly to RelevantOnly\n - Setup SecAuditLogRelevantStatus Attribute: ^(?:5|4(?!04)) to ^(?:5|4(?!04))\n - Setup SecAuditLogParts Attribute: ABIJDEFHZ to ABIJDEFHZ\n - Setup SecAuditLogType Attribute: Concurrent to Concurrent\n - Setup SecAuditLog Attribute: |/etc/modsecurity-2.9.2/mlogc/mlogc /etc/modsecurity-2.9.2/mlogc/mlogc.conf to |/etc/modsecurity-2.9.2/mlogc/mlogc /etc/modsecurity-2.9.2/mlogc/mlogc.conf\n - Setup SecAuditLogStorageDir Attribute: /tmp/mlogc/ to /tmp/mlogc/\n - Setup SecArgumentSeparator Attribute: & to &\n - Setup SecCookieFormat Attribute: 0 to 0\n - Setup SecUnicodeMapFile Attribute: unicode.mapping 20127 to unicode.mapping 20127\n - Setup SecStatusEngine Attribute: On to On\n','2017-11-22 11:40:01',13),(239,'modsecurity.conf setup - Setup SecRuleEngine Attribute: Off to Off\n - Setup SecRequestBodyAccess Attribute: On to On\n - Setup SecRequestBodyNoFilesLimit Attribute: 1048576 to 1048576\n - Setup SecRequestBodyInMemoryLimit Attribute: 131072 to 131072\n - Setup SecRequestBodyLimitAction Attribute: Reject to Reject\n - Setup SecPcreMatchLimit Attribute: 1000 to 1000\n - Setup SecPcreMatchLimitRecursion Attribute: 1000 to 1000\n - Setup SecResponseBodyAccess Attribute: On to On\n - Setup SecResponseBodyMimeType Attribute: text/plain to text/plain\n - Setup SecResponseBodyLimit Attribute: 524288 to 524288\n - Setup SecResponseBodyLimitAction Attribute: ProcessPartial to ProcessPartial\n - Setup SecTmpDir Attribute: /tmp/ to /tmp/\n - Setup SecDataDir Attribute: /tmp/ to /tmp/\n - Setup SecUploadDir Attribute: /opt/modsecurity/var/upload/ to /opt/modsecurity/var/upload/\n - Setup SecUploadKeepFiles Attribute: RelevantOnly to RelevantOnly\n - Setup SecUploadFileMode Attribute: 0600 to 0600\n - Setup SecAuditEngine Attribute: RelevantOnly to RelevantOnly\n - Setup SecAuditLogRelevantStatus Attribute: ^(?:5|4(?!04)) to ^(?:5|4(?!04))\n - Setup SecAuditLogParts Attribute: ABIJDEFHZ to ABIJDEFHZ\n - Setup SecAuditLogType Attribute: Concurrent to Concurrent\n - Setup SecAuditLog Attribute: |/etc/modsecurity-2.9.2/mlogc/mlogc /etc/modsecurity-2.9.2/mlogc/mlogc.conf to |/etc/modsecurity-2.9.2/mlogc/mlogc /etc/modsecurity-2.9.2/mlogc/mlogc.conf\n - Setup SecAuditLogStorageDir Attribute: /tmp/mlogc/ to /tmp/mlogc/\n - Setup SecArgumentSeparator Attribute: & to &\n - Setup SecCookieFormat Attribute: 0 to 0\n - Setup SecUnicodeMapFile Attribute: unicode.mapping 20127 to unicode.mapping 20127\n - Setup SecStatusEngine Attribute: On to On\n','2017-11-22 11:41:45',13),(240,'modsecurity.conf setup - Setup SecRuleEngine Attribute: Off to Off\n - Setup SecRequestBodyAccess Attribute: On to On\n - Setup SecRequestBodyNoFilesLimit Attribute: 1048576 to 1048576\n - Setup SecRequestBodyInMemoryLimit Attribute: 131072 to 131072\n - Setup SecRequestBodyLimitAction Attribute: Reject to Reject\n - Setup SecPcreMatchLimit Attribute: 1000 to 1000\n - Setup SecPcreMatchLimitRecursion Attribute: 1000 to 1000\n - Setup SecResponseBodyAccess Attribute: On to On\n - Setup SecResponseBodyMimeType Attribute: text/plain to text/plain\n - Setup SecResponseBodyLimit Attribute: 524288 to 524288\n - Setup SecResponseBodyLimitAction Attribute: ProcessPartial to ProcessPartial\n - Setup SecTmpDir Attribute: /tmp/ to /tmp/\n - Setup SecDataDir Attribute: /tmp/ to /tmp/\n - Setup SecUploadDir Attribute: /opt/modsecurity/var/upload/ to /opt/modsecurity/var/upload/\n - Setup SecUploadKeepFiles Attribute: RelevantOnly to RelevantOnly\n - Setup SecUploadFileMode Attribute: 0600 to 0600\n - Setup SecAuditEngine Attribute: RelevantOnly to RelevantOnly\n - Setup SecAuditLogRelevantStatus Attribute: ^(?:5|4(?!04)) to ^(?:5|4(?!04))\n - Setup SecAuditLogParts Attribute: ABIJDEFHZ to ABIJDEFHZ\n - Setup SecAuditLogType Attribute: Concurrent to Concurrent\n - Setup SecAuditLog Attribute: |/etc/modsecurity-2.9.2/mlogc/mlogc /etc/modsecurity-2.9.2/mlogc/mlogc.conf to |/etc/modsecurity-2.9.2/mlogc/mlogc /etc/modsecurity-2.9.2/mlogc/mlogc.conf\n - Setup SecAuditLogStorageDir Attribute: /tmp/mlogc/ to /tmp/mlogc/\n - Setup SecArgumentSeparator Attribute: & to &\n - Setup SecCookieFormat Attribute: 0 to 0\n - Setup SecUnicodeMapFile Attribute: unicode.mapping 20127 to unicode.mapping 20127\n - Setup SecStatusEngine Attribute: On to On\n','2017-11-22 11:44:52',13),(241,'modsecurity.conf setup - Setup SecRuleEngine Attribute: Off to Off\n - Setup SecRequestBodyAccess Attribute: On to On\n - Setup SecRequestBodyNoFilesLimit Attribute: 1048576 to 1048576\n - Setup SecRequestBodyInMemoryLimit Attribute: 131072 to 131072\n - Setup SecRequestBodyLimitAction Attribute: Reject to Reject\n - Setup SecPcreMatchLimit Attribute: 1000 to 1000\n - Setup SecPcreMatchLimitRecursion Attribute: 1000 to 1000\n - Setup SecResponseBodyAccess Attribute: On to On\n - Setup SecResponseBodyMimeType Attribute: text/plain to text/plain\n - Setup SecResponseBodyLimit Attribute: 524288 to 524288\n - Setup SecResponseBodyLimitAction Attribute: ProcessPartial to ProcessPartial\n - Setup SecTmpDir Attribute: /tmp/ to /tmp/\n - Setup SecDataDir Attribute: /tmp/ to /tmp/\n - Setup SecUploadDir Attribute: /opt/modsecurity/var/upload/ to /opt/modsecurity/var/upload/\n - Setup SecUploadKeepFiles Attribute: RelevantOnly to RelevantOnly\n - Setup SecUploadFileMode Attribute: 0600 to 0600\n - Setup SecAuditEngine Attribute: RelevantOnly to RelevantOnly\n - Setup SecAuditLogRelevantStatus Attribute: ^(?:5|4(?!04)) to ^(?:5|4(?!04))\n - Setup SecAuditLogParts Attribute: ABIJDEFHZ to ABIJDEFHZ\n - Setup SecAuditLogType Attribute: Concurrent to Concurrent\n - Setup SecAuditLog Attribute: |/etc/modsecurity-2.9.2/mlogc/mlogc /etc/modsecurity-2.9.2/mlogc/mlogc.conf to |/etc/modsecurity-2.9.2/mlogc/mlogc /etc/modsecurity-2.9.2/mlogc/mlogc.conf\n - Setup SecAuditLogStorageDir Attribute: /tmp/mlogc/ to /tmp/mlogc/\n - Setup SecArgumentSeparator Attribute: & to &\n - Setup SecCookieFormat Attribute: 0 to 0\n - Setup SecUnicodeMapFile Attribute: unicode.mapping 20127 to unicode.mapping 20127\n - Setup SecStatusEngine Attribute: On to On\n','2017-11-22 11:45:32',13),(242,'modsecurity.conf setup - Setup SecRuleEngine Attribute: Off to Off\n - Setup SecRequestBodyAccess Attribute: On to On\n - Setup SecRequestBodyNoFilesLimit Attribute: 1048576 to 1048576\n - Setup SecRequestBodyInMemoryLimit Attribute: 131072 to 131072\n - Setup SecRequestBodyLimitAction Attribute: Reject to Reject\n - Setup SecPcreMatchLimit Attribute: 1000 to 1000\n - Setup SecPcreMatchLimitRecursion Attribute: 1000 to 1000\n - Setup SecResponseBodyAccess Attribute: On to On\n - Setup SecResponseBodyMimeType Attribute: text/plain to text/plain\n - Setup SecResponseBodyLimit Attribute: 524288 to 524288\n - Setup SecResponseBodyLimitAction Attribute: ProcessPartial to ProcessPartial\n - Setup SecTmpDir Attribute: /tmp/ to /tmp/\n - Setup SecDataDir Attribute: /tmp/ to /tmp/\n - Setup SecUploadDir Attribute: /opt/modsecurity/var/upload/ to /opt/modsecurity/var/upload/\n - Setup SecUploadKeepFiles Attribute: RelevantOnly to RelevantOnly\n - Setup SecUploadFileMode Attribute: 0600 to 0600\n - Setup SecAuditEngine Attribute: RelevantOnly to RelevantOnly\n - Setup SecAuditLogRelevantStatus Attribute: ^(?:5|4(?!04)) to ^(?:5|4(?!04))\n - Setup SecAuditLogParts Attribute: ABIJDEFHZ to ABIJDEFHZ\n - Setup SecAuditLogType Attribute: Concurrent to Concurrent\n - Setup SecAuditLog Attribute: |/etc/modsecurity-2.9.2/mlogc/mlogc /etc/modsecurity-2.9.2/mlogc/mlogc.conf to |/etc/modsecurity-2.9.2/mlogc/mlogc /etc/modsecurity-2.9.2/mlogc/mlogc.conf\n - Setup SecAuditLogStorageDir Attribute: /tmp/mlogc/ to /tmp/mlogc/\n - Setup SecArgumentSeparator Attribute: & to &\n - Setup SecCookieFormat Attribute: 0 to 0\n - Setup SecUnicodeMapFile Attribute: unicode.mapping 20127 to unicode.mapping 20127\n - Setup SecStatusEngine Attribute: On to On\n','2017-11-22 11:50:33',13),(243,'User Loggin','2017-11-22 11:58:44',13),(244,'modsecurity.conf setup - Setup SecRuleEngine Attribute: Off to Off\n - Setup SecRequestBodyAccess Attribute: On to On\n - Setup SecRequestBodyNoFilesLimit Attribute: 1048576 to 1048576\n - Setup SecRequestBodyInMemoryLimit Attribute: 131072 to 131072\n - Setup SecRequestBodyLimitAction Attribute: Reject to Reject\n - Setup SecPcreMatchLimit Attribute: 1000 to 1000\n - Setup SecPcreMatchLimitRecursion Attribute: 1000 to 1000\n - Setup SecResponseBodyAccess Attribute: On to On\n - Setup SecResponseBodyMimeType Attribute: text/plain to text/plain\n - Setup SecResponseBodyLimit Attribute: 524288 to 524288\n - Setup SecResponseBodyLimitAction Attribute: ProcessPartial to ProcessPartial\n - Setup SecTmpDir Attribute: /tmp/ to /tmp/\n - Setup SecDataDir Attribute: /tmp/ to /tmp/\n - Setup SecUploadDir Attribute: /opt/modsecurity/var/upload/ to /opt/modsecurity/var/upload/\n - Setup SecUploadKeepFiles Attribute: RelevantOnly to RelevantOnly\n - Setup SecUploadFileMode Attribute: 0600 to 0600\n - Setup SecAuditEngine Attribute: RelevantOnly to RelevantOnly\n - Setup SecAuditLogRelevantStatus Attribute: ^(?:5|4(?!04)) to ^(?:5|4(?!04))\n - Setup SecAuditLogParts Attribute: ABIJDEFHZ to ABIJDEFHZ\n - Setup SecAuditLogType Attribute: Concurrent to Concurrent\n - Setup SecAuditLog Attribute: |/etc/modsecurity-2.9.2/mlogc/mlogc /etc/modsecurity-2.9.2/mlogc/mlogc.conf to |/etc/modsecurity-2.9.2/mlogc/mlogc /etc/modsecurity-2.9.2/mlogc/mlogc.conf\n - Setup SecAuditLogStorageDir Attribute: /tmp/mlogc/ to /tmp/mlogc/\n - Setup SecArgumentSeparator Attribute: & to &\n - Setup SecCookieFormat Attribute: 0 to 0\n - Setup SecUnicodeMapFile Attribute: unicode.mapping 20127 to unicode.mapping 20127\n - Setup SecStatusEngine Attribute: On to On\n','2017-11-22 11:58:52',13),(245,'modsecurity.conf setup - Setup SecRuleEngine Attribute: Off to Off\n - Setup SecRequestBodyAccess Attribute: On to On\n - Setup SecRequestBodyNoFilesLimit Attribute: 1048576 to 1048576\n - Setup SecRequestBodyInMemoryLimit Attribute: 131072 to 131072\n - Setup SecRequestBodyLimitAction Attribute: Reject to Reject\n - Setup SecPcreMatchLimit Attribute: 1000 to 1000\n - Setup SecPcreMatchLimitRecursion Attribute: 1000 to 1000\n - Setup SecResponseBodyAccess Attribute: On to On\n - Setup SecResponseBodyMimeType Attribute: text/plain to text/plain\n - Setup SecResponseBodyLimit Attribute: 524288 to 524288\n - Setup SecResponseBodyLimitAction Attribute: ProcessPartial to ProcessPartial\n - Setup SecTmpDir Attribute: /tmp/ to /tmp/\n - Setup SecDataDir Attribute: /tmp/ to /tmp/\n - Setup SecUploadDir Attribute: /opt/modsecurity/var/upload/ to /opt/modsecurity/var/upload/\n - Setup SecUploadKeepFiles Attribute: RelevantOnly to RelevantOnly\n - Setup SecUploadFileMode Attribute: 0600 to 0600\n - Setup SecAuditEngine Attribute: RelevantOnly to RelevantOnly\n - Setup SecAuditLogRelevantStatus Attribute: ^(?:5|4(?!04)) to ^(?:5|4(?!04))\n - Setup SecAuditLogParts Attribute: ABIJDEFHZ to ABIJDEFHZ\n - Setup SecAuditLogType Attribute: Concurrent to Concurrent\n - Setup SecAuditLog Attribute: |/etc/modsecurity-2.9.2/mlogc/mlogc /etc/modsecurity-2.9.2/mlogc/mlogc.conf to |/etc/modsecurity-2.9.2/mlogc/mlogc /etc/modsecurity-2.9.2/mlogc/mlogc.conf\n - Setup SecAuditLogStorageDir Attribute: /tmp/mlogc/ to /tmp/mlogc/\n - Setup SecArgumentSeparator Attribute: & to &\n - Setup SecCookieFormat Attribute: 0 to 0\n - Setup SecUnicodeMapFile Attribute: unicode.mapping 20127 to unicode.mapping 20127\n - Setup SecStatusEngine Attribute: On to On\n','2017-11-22 12:05:56',13),(246,'User Loggin','2017-11-22 12:11:50',13),(247,'modsecurity.conf setup - Setup SecRuleEngine Attribute: Off to Off\n - Setup SecRequestBodyAccess Attribute: On to On\n - Setup SecRequestBodyNoFilesLimit Attribute: 1048576 to 1048576\n - Setup SecRequestBodyInMemoryLimit Attribute: 131072 to 131072\n - Setup SecRequestBodyLimitAction Attribute: Reject to Reject\n - Setup SecPcreMatchLimit Attribute: 1000 to 1000\n - Setup SecPcreMatchLimitRecursion Attribute: 1000 to 1000\n - Setup SecResponseBodyAccess Attribute: On to On\n - Setup SecResponseBodyMimeType Attribute: text/plain to text/plain\n - Setup SecResponseBodyLimit Attribute: 524288 to 524288\n - Setup SecResponseBodyLimitAction Attribute: ProcessPartial to ProcessPartial\n - Setup SecTmpDir Attribute: /tmp/ to /tmp/\n - Setup SecDataDir Attribute: /tmp/ to /tmp/\n - Setup SecUploadDir Attribute: /opt/modsecurity/var/upload/ to /opt/modsecurity/var/upload/\n - Setup SecUploadKeepFiles Attribute: RelevantOnly to RelevantOnly\n - Setup SecUploadFileMode Attribute: 0600 to 0600\n - Setup SecAuditEngine Attribute: RelevantOnly to RelevantOnly\n - Setup SecAuditLogRelevantStatus Attribute: ^(?:5|4(?!04)) to ^(?:5|4(?!04))\n - Setup SecAuditLogParts Attribute: ABIJDEFHZ to ABIJDEFHZ\n - Setup SecAuditLogType Attribute: Concurrent to Concurrent\n - Setup SecAuditLog Attribute: |/etc/modsecurity-2.9.2/mlogc/mlogc /etc/modsecurity-2.9.2/mlogc/mlogc.conf to |/etc/modsecurity-2.9.2/mlogc/mlogc /etc/modsecurity-2.9.2/mlogc/mlogc.conf\n - Setup SecAuditLogStorageDir Attribute: /tmp/mlogc/ to /tmp/mlogc/\n - Setup SecArgumentSeparator Attribute: & to &\n - Setup SecCookieFormat Attribute: 0 to 0\n - Setup SecUnicodeMapFile Attribute: unicode.mapping 20127 to unicode.mapping 20127\n - Setup SecStatusEngine Attribute: On to On\n','2017-11-22 12:12:13',13),(248,'modsecurity.conf setup - Setup SecRuleEngine Attribute: Off to Off\n - Setup SecRequestBodyAccess Attribute: On to On\n - Setup SecRequestBodyNoFilesLimit Attribute: 1048576 to 1048576\n - Setup SecRequestBodyInMemoryLimit Attribute: 131072 to 131072\n - Setup SecRequestBodyLimitAction Attribute: Reject to Reject\n - Setup SecPcreMatchLimit Attribute: 1000 to 1000\n - Setup SecPcreMatchLimitRecursion Attribute: 1000 to 1000\n - Setup SecResponseBodyAccess Attribute: On to On\n - Setup SecResponseBodyMimeType Attribute: text/plain to text/plain\n - Setup SecResponseBodyLimit Attribute: 524288 to 524288\n - Setup SecResponseBodyLimitAction Attribute: ProcessPartial to ProcessPartial\n - Setup SecTmpDir Attribute: /tmp/ to /tmp/\n - Setup SecDataDir Attribute: /tmp/ to /tmp/\n - Setup SecUploadDir Attribute: /opt/modsecurity/var/upload/ to /opt/modsecurity/var/upload/\n - Setup SecUploadKeepFiles Attribute: RelevantOnly to RelevantOnly\n - Setup SecUploadFileMode Attribute: 0600 to 0600\n - Setup SecAuditEngine Attribute: RelevantOnly to RelevantOnly\n - Setup SecAuditLogRelevantStatus Attribute: ^(?:5|4(?!04)) to ^(?:5|4(?!04))\n - Setup SecAuditLogParts Attribute: ABIJDEFHZ to ABIJDEFHZ\n - Setup SecAuditLogType Attribute: Concurrent to Concurrent\n - Setup SecAuditLog Attribute: |/etc/modsecurity-2.9.2/mlogc/mlogc /etc/modsecurity-2.9.2/mlogc/mlogc.conf to |/etc/modsecurity-2.9.2/mlogc/mlogc /etc/modsecurity-2.9.2/mlogc/mlogc.conf\n - Setup SecAuditLogStorageDir Attribute: /tmp/mlogc/ to /tmp/mlogc/\n - Setup SecArgumentSeparator Attribute: & to &\n - Setup SecCookieFormat Attribute: 0 to 0\n - Setup SecUnicodeMapFile Attribute: unicode.mapping 20127 to unicode.mapping 20127\n - Setup SecStatusEngine Attribute: On to On\n','2017-11-22 12:29:08',13),(249,'modsecurity.conf setup - Setup SecRuleEngine Attribute: Off to Off\n - Setup SecRequestBodyAccess Attribute: On to On\n - Setup SecRequestBodyNoFilesLimit Attribute: 1048576 to 1048576\n - Setup SecRequestBodyInMemoryLimit Attribute: 131072 to 131072\n - Setup SecRequestBodyLimitAction Attribute: Reject to Reject\n - Setup SecPcreMatchLimit Attribute: 1000 to 1000\n - Setup SecPcreMatchLimitRecursion Attribute: 1000 to 1000\n - Setup SecResponseBodyAccess Attribute: On to On\n - Setup SecResponseBodyMimeType Attribute: text/plain to text/plain\n - Setup SecResponseBodyLimit Attribute: 524288 to 524288\n - Setup SecResponseBodyLimitAction Attribute: ProcessPartial to ProcessPartial\n - Setup SecTmpDir Attribute: /tmp/ to /tmp/\n - Setup SecDataDir Attribute: /tmp/ to /tmp/\n - Setup SecUploadDir Attribute: /opt/modsecurity/var/upload/ to /opt/modsecurity/var/upload/\n - Setup SecUploadKeepFiles Attribute: RelevantOnly to RelevantOnly\n - Setup SecUploadFileMode Attribute: 0600 to 0600\n - Setup SecAuditEngine Attribute: RelevantOnly to RelevantOnly\n - Setup SecAuditLogRelevantStatus Attribute: ^(?:5|4(?!04)) to ^(?:5|4(?!04))\n - Setup SecAuditLogParts Attribute: ABIJDEFHZ to ABIJDEFHZ\n - Setup SecAuditLogType Attribute: Concurrent to Concurrent\n - Setup SecAuditLog Attribute: |/etc/modsecurity-2.9.2/mlogc/mlogc /etc/modsecurity-2.9.2/mlogc/mlogc.conf to |/etc/modsecurity-2.9.2/mlogc/mlogc /etc/modsecurity-2.9.2/mlogc/mlogc.conf\n - Setup SecAuditLogStorageDir Attribute: /tmp/mlogc/ to /tmp/mlogc/\n - Setup SecArgumentSeparator Attribute: & to &\n - Setup SecCookieFormat Attribute: 0 to 0\n - Setup SecUnicodeMapFile Attribute: unicode.mapping 20127 to unicode.mapping 20127\n - Setup SecStatusEngine Attribute: On to On\n','2017-11-22 12:38:27',13),(250,'User Loggin','2017-11-22 12:40:24',13),(251,'modsecurity.conf setup - Setup SecRuleEngine Attribute: Off to Off\n - Setup SecRequestBodyAccess Attribute: On to On\n - Setup SecRequestBodyNoFilesLimit Attribute: 1048576 to 1048576\n - Setup SecRequestBodyInMemoryLimit Attribute: 131072 to 131072\n - Setup SecRequestBodyLimitAction Attribute: Reject to Reject\n - Setup SecPcreMatchLimit Attribute: 1000 to 1000\n - Setup SecPcreMatchLimitRecursion Attribute: 1000 to 1000\n - Setup SecResponseBodyAccess Attribute: On to On\n - Setup SecResponseBodyMimeType Attribute: text/plain to text/plain\n - Setup SecResponseBodyLimit Attribute: 524288 to 524288\n - Setup SecResponseBodyLimitAction Attribute: ProcessPartial to ProcessPartial\n - Setup SecTmpDir Attribute: /tmp/ to /tmp/\n - Setup SecDataDir Attribute: /tmp/ to /tmp/\n - Setup SecUploadDir Attribute: /opt/modsecurity/var/upload/ to /opt/modsecurity/var/upload/\n - Setup SecUploadKeepFiles Attribute: RelevantOnly to RelevantOnly\n - Setup SecUploadFileMode Attribute: 0600 to 0600\n - Setup SecAuditEngine Attribute: RelevantOnly to RelevantOnly\n - Setup SecAuditLogRelevantStatus Attribute: ^(?:5|4(?!04)) to ^(?:5|4(?!04))\n - Setup SecAuditLogParts Attribute: ABIJDEFHZ to ABIJDEFHZ\n - Setup SecAuditLogType Attribute: Concurrent to Concurrent\n - Setup SecAuditLog Attribute: |/etc/modsecurity-2.9.2/mlogc/mlogc /etc/modsecurity-2.9.2/mlogc/mlogc.conf to |/etc/modsecurity-2.9.2/mlogc/mlogc /etc/modsecurity-2.9.2/mlogc/mlogc.conf\n - Setup SecAuditLogStorageDir Attribute: /tmp/mlogc/ to /tmp/mlogc/\n - Setup SecArgumentSeparator Attribute: & to &\n - Setup SecCookieFormat Attribute: 0 to 0\n - Setup SecUnicodeMapFile Attribute: unicode.mapping 20127 to unicode.mapping 20127\n - Setup SecStatusEngine Attribute: On to On\n','2017-11-22 12:40:53',13),(252,'User Loggin','2017-11-24 10:25:51',13),(253,'modsecurity.conf setup - Setup SecRuleEngine Attribute: Off to Off\n - Setup SecRequestBodyAccess Attribute: On to On\n - Setup SecRequestBodyNoFilesLimit Attribute: 1048576 to 1048576\n - Setup SecRequestBodyInMemoryLimit Attribute: 131072 to 131072\n - Setup SecRequestBodyLimitAction Attribute: Reject to Reject\n - Setup SecPcreMatchLimit Attribute: 1000 to 1000\n - Setup SecPcreMatchLimitRecursion Attribute: 1000 to 1000\n - Setup SecResponseBodyAccess Attribute: On to On\n - Setup SecResponseBodyMimeType Attribute: text/plain to text/plain\n - Setup SecResponseBodyLimit Attribute: 524288 to 524288\n - Setup SecResponseBodyLimitAction Attribute: ProcessPartial to ProcessPartial\n - Setup SecTmpDir Attribute: /tmp/ to /tmp/\n - Setup SecDataDir Attribute: /tmp/ to /tmp/\n - Setup SecUploadDir Attribute: /opt/modsecurity/var/upload/ to /opt/modsecurity/var/upload/\n - Setup SecUploadKeepFiles Attribute: RelevantOnly to RelevantOnly\n - Setup SecUploadFileMode Attribute: 0600 to 0600\n - Setup SecAuditEngine Attribute: RelevantOnly to RelevantOnly\n - Setup SecAuditLogRelevantStatus Attribute: ^(?:5|4(?!04)) to ^(?:5|4(?!04))\n - Setup SecAuditLogParts Attribute: ABIJDEFHZ to ABIJDEFHZ\n - Setup SecAuditLogType Attribute: Concurrent to Concurrent\n - Setup SecAuditLog Attribute: |/etc/modsecurity-2.9.2/mlogc/mlogc /etc/modsecurity-2.9.2/mlogc/mlogc.conf to |/etc/modsecurity-2.9.2/mlogc/mlogc /etc/modsecurity-2.9.2/mlogc/mlogc.conf\n - Setup SecAuditLogStorageDir Attribute: /tmp/mlogc/ to /tmp/mlogc/\n - Setup SecArgumentSeparator Attribute: & to &\n - Setup SecCookieFormat Attribute: 0 to 0\n - Setup SecUnicodeMapFile Attribute: unicode.mapping 20127 to unicode.mapping 20127\n - Setup SecStatusEngine Attribute: On to On\n','2017-11-24 10:26:05',13),(254,'User Loggin','2017-11-24 10:27:32',13),(255,'User Loggin','2017-11-24 10:27:34',13),(256,'modsecurity.conf setup - Setup SecRuleEngine Attribute: Off to Off\n - Setup SecRequestBodyAccess Attribute: On to On\n - Setup SecRequestBodyNoFilesLimit Attribute: 1048576 to 1048576\n - Setup SecRequestBodyInMemoryLimit Attribute: 131072 to 131072\n - Setup SecRequestBodyLimitAction Attribute: Reject to Reject\n - Setup SecPcreMatchLimit Attribute: 1000 to 1000\n - Setup SecPcreMatchLimitRecursion Attribute: 1000 to 1000\n - Setup SecResponseBodyAccess Attribute: On to On\n - Setup SecResponseBodyMimeType Attribute: text/plain to text/plain\n - Setup SecResponseBodyLimit Attribute: 524288 to 524288\n - Setup SecResponseBodyLimitAction Attribute: ProcessPartial to ProcessPartial\n - Setup SecTmpDir Attribute: /tmp/ to /tmp/\n - Setup SecDataDir Attribute: /tmp/ to /tmp/\n - Setup SecUploadDir Attribute: /opt/modsecurity/var/upload/ to /opt/modsecurity/var/upload/\n - Setup SecUploadKeepFiles Attribute: RelevantOnly to RelevantOnly\n - Setup SecUploadFileMode Attribute: 0600 to 0600\n - Setup SecAuditEngine Attribute: RelevantOnly to RelevantOnly\n - Setup SecAuditLogRelevantStatus Attribute: ^(?:5|4(?!04)) to ^(?:5|4(?!04))\n - Setup SecAuditLogParts Attribute: ABIJDEFHZ to ABIJDEFHZ\n - Setup SecAuditLogType Attribute: Concurrent to Concurrent\n - Setup SecAuditLog Attribute: |/etc/modsecurity-2.9.2/mlogc/mlogc /etc/modsecurity-2.9.2/mlogc/mlogc.conf to |/etc/modsecurity-2.9.2/mlogc/mlogc /etc/modsecurity-2.9.2/mlogc/mlogc.conf\n - Setup SecAuditLogStorageDir Attribute: /tmp/mlogc/ to /tmp/mlogc/\n - Setup SecArgumentSeparator Attribute: & to &\n - Setup SecCookieFormat Attribute: 0 to 0\n - Setup SecUnicodeMapFile Attribute: unicode.mapping 20127 to unicode.mapping 20127\n - Setup SecStatusEngine Attribute: On to On\n','2017-11-24 10:28:00',13),(257,'User Loggin','2017-11-24 10:35:50',13),(258,'modsecurity.conf setup - Setup SecRuleEngine Attribute: Off to Off\n - Setup SecRequestBodyAccess Attribute: On to On\n - Setup SecRequestBodyNoFilesLimit Attribute: 1048576 to 1048576\n - Setup SecRequestBodyInMemoryLimit Attribute: 131072 to 131072\n - Setup SecRequestBodyLimitAction Attribute: Reject to Reject\n - Setup SecPcreMatchLimit Attribute: 1000 to 1000\n - Setup SecPcreMatchLimitRecursion Attribute: 1000 to 1000\n - Setup SecResponseBodyAccess Attribute: On to On\n - Setup SecResponseBodyMimeType Attribute: text/plain to text/plain\n - Setup SecResponseBodyLimit Attribute: 524288 to 524288\n - Setup SecResponseBodyLimitAction Attribute: ProcessPartial to ProcessPartial\n - Setup SecTmpDir Attribute: /tmp/ to /tmp/\n - Setup SecDataDir Attribute: /tmp/ to /tmp/\n - Setup SecUploadDir Attribute: /opt/modsecurity/var/upload/ to /opt/modsecurity/var/upload/\n - Setup SecUploadKeepFiles Attribute: RelevantOnly to RelevantOnly\n - Setup SecUploadFileMode Attribute: 0600 to 0600\n - Setup SecAuditEngine Attribute: RelevantOnly to RelevantOnly\n - Setup SecAuditLogRelevantStatus Attribute: ^(?:5|4(?!04)) to ^(?:5|4(?!04))\n - Setup SecAuditLogParts Attribute: ABIJDEFHZ to ABIJDEFHZ\n - Setup SecAuditLogType Attribute: Concurrent to Concurrent\n - Setup SecAuditLog Attribute: |/etc/modsecurity-2.9.2/mlogc/mlogc /etc/modsecurity-2.9.2/mlogc/mlogc.conf to |/etc/modsecurity-2.9.2/mlogc/mlogc /etc/modsecurity-2.9.2/mlogc/mlogc.conf\n - Setup SecAuditLogStorageDir Attribute: /tmp/mlogc/ to /tmp/mlogc/\n - Setup SecArgumentSeparator Attribute: & to &\n - Setup SecCookieFormat Attribute: 0 to 0\n - Setup SecUnicodeMapFile Attribute: unicode.mapping 20127 to unicode.mapping 20127\n - Setup SecStatusEngine Attribute: On to On\n','2017-11-24 10:36:01',13),(259,'modsecurity.conf setup - Setup SecRuleEngine Attribute: DetectionOnly to Off\n - Setup SecRequestBodyAccess Attribute: On to On\n - Setup SecRequestBodyNoFilesLimit Attribute: 131072 to 1048576\n - Setup SecRequestBodyInMemoryLimit Attribute: 131072 to 131072\n - Setup SecRequestBodyLimitAction Attribute: Reject to Reject\n - Setup SecPcreMatchLimit Attribute: 1000 to 1000\n - Setup SecPcreMatchLimitRecursion Attribute: 1000 to 1000\n - Setup SecResponseBodyAccess Attribute: On to On\n - Setup SecResponseBodyMimeType Attribute: text/plain text/html text/xml to text/plain\n - Setup SecResponseBodyLimit Attribute: 524288 to 524288\n - Setup SecResponseBodyLimitAction Attribute: ProcessPartial to ProcessPartial\n - Setup SecTmpDir Attribute: /tmp/ to /tmp/\n - Setup SecDataDir Attribute: /tmp/ to /tmp/\n - Setup SecUploadDir Attribute: /opt/modsecurity/var/upload/ to /opt/modsecurity/var/upload/\n - Setup SecUploadKeepFiles Attribute: RelevantOnly to RelevantOnly\n - Setup SecUploadFileMode Attribute: 0600 to 0600\n - Setup SecAuditEngine Attribute: RelevantOnly to RelevantOnly\n - Setup SecAuditLogRelevantStatus Attribute: \"^(?:5|4(?!04))\" to ^(?:5|4(?!04))\n - Setup SecAuditLogParts Attribute: ABIJDEFHZ to ABIJDEFHZ\n - Setup SecAuditLogType Attribute: Serial to Concurrent\n - Setup SecAuditLog Attribute: /var/log/apache2/modsec_audit.log to |/etc/modsecurity-2.9.2/mlogc/mlogc /etc/modsecurity-2.9.2/mlogc/mlogc.conf\n - Setup SecAuditLogStorageDir Attribute: /opt/modsecurity/var/audit/ to /tmp/mlogc/\n - Setup SecArgumentSeparator Attribute: & to &\n - Setup SecCookieFormat Attribute: 0 to 0\n - Setup SecUnicodeMapFile Attribute: unicode.mapping 20127 to unicode.mapping 20127\n - Setup SecStatusEngine Attribute: On to On\n','2017-11-24 10:38:32',13),(260,'modsecurity.conf setup - Setup SecRuleEngine Attribute: DetectionOnly to Off\n - Setup SecRequestBodyAccess Attribute: On to On\n - Setup SecRequestBodyNoFilesLimit Attribute: 131072 to 1048576\n - Setup SecRequestBodyInMemoryLimit Attribute: 131072 to 131072\n - Setup SecRequestBodyLimitAction Attribute: Reject to Reject\n - Setup SecPcreMatchLimit Attribute: 1000 to 1000\n - Setup SecPcreMatchLimitRecursion Attribute: 1000 to 1000\n - Setup SecResponseBodyAccess Attribute: On to On\n - Setup SecResponseBodyMimeType Attribute: text/plain text/html text/xml to text/plain\n - Setup SecResponseBodyLimit Attribute: 524288 to 524288\n - Setup SecResponseBodyLimitAction Attribute: ProcessPartial to ProcessPartial\n - Setup SecTmpDir Attribute: /tmp/ to /tmp/\n - Setup SecDataDir Attribute: /tmp/ to /tmp/\n - Setup SecUploadDir Attribute: /opt/modsecurity/var/upload/ to /opt/modsecurity/var/upload/\n - Setup SecUploadKeepFiles Attribute: RelevantOnly to RelevantOnly\n - Setup SecUploadFileMode Attribute: 0600 to 0600\n - Setup SecAuditEngine Attribute: RelevantOnly to RelevantOnly\n - Setup SecAuditLogRelevantStatus Attribute: \"^(?:5|4(?!04))\" to ^(?:5|4(?!04))\n - Setup SecAuditLogParts Attribute: ABIJDEFHZ to ABIJDEFHZ\n - Setup SecAuditLogType Attribute: Serial to Concurrent\n - Setup SecAuditLog Attribute: /var/log/apache2/modsec_audit.log to |/etc/modsecurity-2.9.2/mlogc/mlogc /etc/modsecurity-2.9.2/mlogc/mlogc.conf\n - Setup SecAuditLogStorageDir Attribute: /opt/modsecurity/var/audit/ to /tmp/mlogc/\n - Setup SecArgumentSeparator Attribute: & to &\n - Setup SecCookieFormat Attribute: 0 to 0\n - Setup SecUnicodeMapFile Attribute: unicode.mapping 20127 to unicode.mapping 20127\n - Setup SecStatusEngine Attribute: On to On\n','2017-11-24 10:44:14',13),(261,'User Loggin','2017-11-24 10:45:55',13),(262,'modsecurity.conf setup - Setup SecRuleEngine Attribute: DetectionOnly to Off\n - Setup SecRequestBodyAccess Attribute: On to On\n - Setup SecRequestBodyNoFilesLimit Attribute: 131072 to 1048576\n - Setup SecRequestBodyInMemoryLimit Attribute: 131072 to 131072\n - Setup SecRequestBodyLimitAction Attribute: Reject to Reject\n - Setup SecPcreMatchLimit Attribute: 1000 to 1000\n - Setup SecPcreMatchLimitRecursion Attribute: 1000 to 1000\n - Setup SecResponseBodyAccess Attribute: On to On\n - Setup SecResponseBodyMimeType Attribute: text/plain text/html text/xml to text/plain\n - Setup SecResponseBodyLimit Attribute: 524288 to 524288\n - Setup SecResponseBodyLimitAction Attribute: ProcessPartial to ProcessPartial\n - Setup SecTmpDir Attribute: /tmp/ to /tmp/\n - Setup SecDataDir Attribute: /tmp/ to /tmp/\n - Setup SecUploadDir Attribute: /opt/modsecurity/var/upload/ to /opt/modsecurity/var/upload/\n - Setup SecUploadKeepFiles Attribute: RelevantOnly to RelevantOnly\n - Setup SecUploadFileMode Attribute: 0600 to 0600\n - Setup SecAuditEngine Attribute: RelevantOnly to RelevantOnly\n - Setup SecAuditLogRelevantStatus Attribute: \"^(?:5|4(?!04))\" to ^(?:5|4(?!04))\n - Setup SecAuditLogParts Attribute: ABIJDEFHZ to ABIJDEFHZ\n - Setup SecAuditLogType Attribute: Serial to Concurrent\n - Setup SecAuditLog Attribute: /var/log/apache2/modsec_audit.log to |/etc/modsecurity-2.9.2/mlogc/mlogc /etc/modsecurity-2.9.2/mlogc/mlogc.conf\n - Setup SecAuditLogStorageDir Attribute: /opt/modsecurity/var/audit/ to /tmp/mlogc/\n - Setup SecArgumentSeparator Attribute: & to &\n - Setup SecCookieFormat Attribute: 0 to 0\n - Setup SecUnicodeMapFile Attribute: unicode.mapping 20127 to unicode.mapping 20127\n - Setup SecStatusEngine Attribute: On to On\n','2017-11-24 10:46:05',13),(263,'modsecurity.conf setup','2017-11-24 10:57:19',13),(264,'modsecurity.conf setup - Setup SecRuleEngine Attribute: DetectionOnly to DetectionOnly\n','2017-11-24 10:58:10',13),(265,'modsecurity.conf setup - Setup SecRuleEngine Attribute: DetectionOnly to On\n','2017-11-24 10:58:43',13),(266,'modsecurity.conf setup - Setup SecRuleEngine Attribute: On to DetectionOnly\n','2017-11-24 10:58:58',13),(267,'modsecurity.conf setup - Setup SecRuleEngine Attribute: DetectionOnly to DetectionOnly\n - Setup SecRequestBodyAccess Attribute: On to Off\n','2017-11-24 11:00:03',13),(268,'modsecurity.conf setup - Setup SecRuleEngine Attribute: DetectionOnly to DetectionOnly\n - Setup SecRequestBodyAccess Attribute: Off to On\n','2017-11-24 11:00:26',13),(269,'modsecurity.conf setup - Setup SecRuleEngine Attribute: DetectionOnly to DetectionOnly\n - Setup SecRequestBodyAccess Attribute: On to On\n','2017-11-24 11:02:25',13),(270,'modsecurity.conf setup - Setup SecRuleEngine Attribute: DetectionOnly to DetectionOnly\n - Setup SecRequestBodyAccess Attribute: On to On\n','2017-11-24 11:03:43',13),(271,'modsecurity.conf setup - Setup SecRuleEngine Attribute: DetectionOnly to DetectionOnly\n - Setup SecRequestBodyAccess Attribute: On to On\n','2017-11-24 11:05:27',13),(272,'modsecurity.conf setup - Setup SecRuleEngine Attribute: DetectionOnly to DetectionOnly\n - Setup SecRequestBodyAccess Attribute: On to On\n','2017-11-24 11:06:30',13),(273,'User Loggin','2017-11-24 11:06:59',13),(274,'modsecurity.conf setup - Setup SecRuleEngine Attribute: DetectionOnly to DetectionOnly\n - Setup SecRequestBodyAccess Attribute: On to On\n','2017-11-24 11:07:14',13),(275,'modsecurity.conf setup - Setup SecRuleEngine Attribute: DetectionOnly to DetectionOnly\n - Setup SecRequestBodyAccess Attribute: On to On\n','2017-11-24 11:15:56',13),(276,'modsecurity.conf setup - Setup SecRuleEngine Attribute: DetectionOnly to DetectionOnly\n - Setup SecRequestBodyAccess Attribute: On to On\n','2017-11-24 11:16:51',13),(277,'User Loggin','2017-11-24 11:20:02',13),(278,'User Loggin','2017-11-24 11:22:32',13),(279,'User Loggin','2017-11-24 11:26:20',13),(280,'User Loggin','2017-11-24 11:33:30',13),(281,'User Loggin','2017-11-24 11:37:11',13),(282,'User Loggin','2017-11-24 11:39:07',13),(283,'modsecurity.conf setup - Setup SecRuleEngine Attribute: DetectionOnly to DetectionOnly\n - Setup SecRequestBodyAccess Attribute: On to On\n','2017-11-24 11:40:00',13),(284,'modsecurity.conf setup - Setup SecRuleEngine Attribute: DetectionOnly to DetectionOnly\n - Setup SecRequestBodyAccess Attribute: On to On\n','2017-11-24 11:40:49',13),(285,'modsecurity.conf setup - Setup SecRuleEngine Attribute: DetectionOnly to DetectionOnly\n - Setup SecRequestBodyAccess Attribute: On to On\n','2017-11-24 11:41:55',13),(286,'User Loggin','2017-11-24 11:45:18',13),(287,'User Loggin','2017-11-24 11:50:23',13),(288,'modsecurity.conf setup - Setup SecRuleEngine Attribute: DetectionOnly to DetectionOnly\n - Setup SecRequestBodyAccess Attribute: On to On\n','2017-11-24 11:51:08',13),(289,'modsecurity.conf setup - Setup SecRuleEngine Attribute: DetectionOnly to DetectionOnly\n - Setup SecRequestBodyAccess Attribute: On to On\n - Setup SecRequestBodyLimit Attribute: 13107200 to \n','2017-11-24 11:52:17',13),(290,'modsecurity.conf setup - Setup SecRuleEngine Attribute: DetectionOnly to DetectionOnly\n - Setup SecRequestBodyAccess Attribute: On to On\n - Setup SecRequestBodyLimit Attribute: 13107200 to \n','2017-11-24 11:52:58',13),(291,'User Loggin','2017-11-24 12:32:21',13),(292,'User Loggin','2017-11-27 07:40:25',13),(293,'User Loggin','2017-11-27 07:47:30',13),(294,'User Loggin','2017-11-27 08:08:03',13),(295,'User Loggin','2017-11-27 08:10:08',13),(296,'User Loggin','2017-11-27 08:25:52',13),(297,'User Loggin','2017-11-27 08:32:39',13),(298,'User Loggin','2017-11-27 08:34:58',13),(299,'User Loggin','2017-11-27 08:40:52',13),(300,'User Loggin','2017-11-27 08:45:28',13),(301,'User Loggin','2017-11-27 08:47:12',13),(302,'User Loggin','2017-11-27 08:48:40',13),(303,'User Loggin','2017-11-27 08:49:40',13),(304,'User Loggin','2017-11-27 08:51:48',13),(305,'User Loggin','2017-11-27 08:56:59',13),(306,'User Loggin','2017-11-27 10:16:56',13),(307,'User Loggin','2017-11-30 08:46:16',13),(308,'User Loggin','2017-11-30 12:53:31',13),(309,'User Loggin','2017-11-30 12:57:28',13),(310,'User Loggin','2017-11-30 12:59:41',13),(311,'User Loggin','2017-11-30 13:03:10',13),(312,'There was an error trying to blocking rules - java.io.FileNotFoundException: /usr/share/modsecurity-crs/rules/RESPONSE-999-EXCLUSION-RULES-AFTER-CRS.conf (No existe el archivo o el directorio)','2017-11-30 13:06:12',13),(313,'There was an error trying to blocking rules - java.io.FileNotFoundException: /usr/share/modsecurity-crs/rules/RESPONSE-999-EXCLUSION-RULES-AFTER-CRS.conf (No existe el archivo o el directorio)','2017-11-30 13:07:06',13),(314,'There was an error trying to blocking rules - java.io.FileNotFoundException: /usr/share/modsecurity-crs/rules/RESPONSE-999-EXCLUSION-RULES-AFTER-CRS.conf (No existe el archivo o el directorio)','2017-11-30 13:07:43',13),(315,'User Loggin','2017-11-30 13:11:17',13),(316,'There was an error trying to blocking rules - java.io.FileNotFoundException: /usr/share/modsecurity-crs/rules/RESPONSE-999-EXCLUSION-RULES-AFTER-CRS.conf (No existe el archivo o el directorio)','2017-11-30 13:12:27',13),(317,'There was an error trying to blocking rules - java.io.FileNotFoundException: /usr/share/modsecurity-crs/rules/RESPONSE-999-EXCLUSION-RULES-AFTER-CRS.conf (No existe el archivo o el directorio)','2017-11-30 13:19:31',13),(318,'There was an error trying to blocking rules - java.io.FileNotFoundException: /usr/share/modsecurity-crs/rules/RESPONSE-999-EXCLUSION-RULES-AFTER-CRS.conf (No existe el archivo o el directorio)','2017-11-30 13:19:51',13),(319,'User Loggin','2017-11-30 13:21:04',13),(320,'User Loggin','2017-11-30 13:26:10',13),(321,'User Loggin','2017-11-30 13:29:21',13),(322,'User Loggin','2017-11-30 13:33:54',13),(323,'There was an error trying to blocking rules - java.io.FileNotFoundException: /usr/share/modsecurity-crs/rules/RESPONSE-999-EXCLUSION-RULES-AFTER-CRS.conf (No existe el archivo o el directorio)','2017-11-30 13:39:35',13),(324,'User Loggin','2017-11-30 13:42:43',13),(325,'User Loggin','2017-11-30 13:50:47',13),(326,'There was an error trying to blocking rules - java.io.FileNotFoundException: /usr/share/modsecurity-crs/rules/RESPONSE-999-EXCLUSION-RULES-AFTER-CRS.conf (No existe el archivo o el directorio)','2017-11-30 13:54:15',13),(327,'There was an error trying to blocking rules - java.io.FileNotFoundException: /usr/share/modsecurity-crs/rules/RESPONSE-999-EXCLUSION-RULES-AFTER-CRS.conf (No existe el archivo o el directorio)','2017-11-30 14:03:06',13),(328,'User Loggin','2017-12-04 08:22:24',13),(329,'User Loggin','2017-12-04 08:23:40',13),(330,'User Loggin','2017-12-04 08:33:49',13),(331,'User Loggin','2017-12-04 08:44:52',13),(332,'User Loggin','2017-12-05 09:06:41',13),(333,'User Loggin','2017-12-06 07:45:45',13),(334,'User Loggin','2017-12-06 08:31:37',13),(335,'User Loggin','2017-12-06 08:58:35',13),(336,'User Loggin','2017-12-06 10:06:42',13),(337,'User Loggin','2017-12-06 10:10:50',13),(338,'User Loggin','2017-12-06 10:13:55',13),(339,'User Loggin','2017-12-06 10:46:21',13),(340,'User Loggin','2017-12-06 11:00:12',13),(341,'User Loggin','2017-12-06 11:09:12',13),(342,'User Loggin','2017-12-06 11:31:24',13),(343,'User Loggin','2017-12-06 11:59:20',13),(344,'User Loggin','2017-12-06 12:12:45',13),(345,'User Loggin','2017-12-06 12:27:49',13),(346,'User Loggin','2017-12-06 12:41:38',13),(347,'User Loggin','2017-12-12 13:05:00',13),(348,'User Loggin','2017-12-13 08:31:36',13),(349,'There was an error trying to blocking rules - java.io.FileNotFoundException: /usr/share/modsecurity-crs/rules/RESPONSE-999-EXCLUSION-RULES-AFTER-CRS.conf (No existe el archivo o el directorio)','2017-12-13 08:35:41',13),(350,'There was an error trying to blocking rules - java.io.FileNotFoundException: /usr/share/modsecurity-crs/rules/RESPONSE-999-EXCLUSION-RULES-AFTER-CRS.conf (No existe el archivo o el directorio)','2017-12-13 11:30:36',13),(351,'User Loggin','2017-12-14 08:58:11',13),(352,'There was an error trying to blocking rules - java.io.FileNotFoundException: /usr/share/modsecurity-crs/rules/RESPONSE-999-EXCLUSION-RULES-AFTER-CRS.conf (No existe el archivo o el directorio)','2017-12-14 08:58:21',13);
/*!40000 ALTER TABLE `USERS_HISTORY` ENABLE KEYS */;
UNLOCK TABLES;

--
-- Table structure for table `USERS_USER_PROFILES`
--

DROP TABLE IF EXISTS `USERS_USER_PROFILES`;
/*!40101 SET @saved_cs_client     = @@character_set_client */;
/*!40101 SET character_set_client = utf8 */;
CREATE TABLE `USERS_USER_PROFILES` (
  `id` bigint(20) NOT NULL AUTO_INCREMENT,
  `user_id` bigint(20) NOT NULL,
  `user_profile_id` bigint(20) NOT NULL,
  PRIMARY KEY (`id`),
  UNIQUE KEY `users_user_profiles_unq` (`user_id`,`user_profile_id`),
  KEY `users_user_profiles_fk_user_profiles` (`user_profile_id`),
  CONSTRAINT `users_user_profiles_fk_user_profiles` FOREIGN KEY (`user_profile_id`) REFERENCES `USER_PROFILES` (`id`),
  CONSTRAINT `users_user_profiles_fk_users` FOREIGN KEY (`user_id`) REFERENCES `USERS` (`id`)
) ENGINE=InnoDB AUTO_INCREMENT=39 DEFAULT CHARSET=latin1;
/*!40101 SET character_set_client = @saved_cs_client */;

--
-- Dumping data for table `USERS_USER_PROFILES`
--

LOCK TABLES `USERS_USER_PROFILES` WRITE;
/*!40000 ALTER TABLE `USERS_USER_PROFILES` DISABLE KEYS */;
INSERT INTO `USERS_USER_PROFILES` VALUES (36,13,1),(37,13,2),(16,14,1),(35,17,2),(38,18,1);
/*!40000 ALTER TABLE `USERS_USER_PROFILES` ENABLE KEYS */;
UNLOCK TABLES;

--
-- Table structure for table `USER_PROFILES`
--

DROP TABLE IF EXISTS `USER_PROFILES`;
/*!40101 SET @saved_cs_client     = @@character_set_client */;
/*!40101 SET character_set_client = utf8 */;
CREATE TABLE `USER_PROFILES` (
  `id` bigint(20) NOT NULL AUTO_INCREMENT,
  `type` varchar(30) NOT NULL,
  PRIMARY KEY (`id`)
) ENGINE=InnoDB AUTO_INCREMENT=4 DEFAULT CHARSET=latin1;
/*!40101 SET character_set_client = @saved_cs_client */;

--
-- Dumping data for table `USER_PROFILES`
--

LOCK TABLES `USER_PROFILES` WRITE;
/*!40000 ALTER TABLE `USER_PROFILES` DISABLE KEYS */;
INSERT INTO `USER_PROFILES` VALUES (1,'ADMIN'),(2,'USER'),(3,'DBA');
/*!40000 ALTER TABLE `USER_PROFILES` ENABLE KEYS */;
UNLOCK TABLES;

--
-- Table structure for table `USER_STATES`
--

DROP TABLE IF EXISTS `USER_STATES`;
/*!40101 SET @saved_cs_client     = @@character_set_client */;
/*!40101 SET character_set_client = utf8 */;
CREATE TABLE `USER_STATES` (
  `id` bigint(20) NOT NULL AUTO_INCREMENT,
  `name` varchar(30) NOT NULL,
  `description` varchar(300) DEFAULT NULL,
  PRIMARY KEY (`id`),
  UNIQUE KEY `name` (`name`)
) ENGINE=InnoDB AUTO_INCREMENT=4 DEFAULT CHARSET=latin1;
/*!40101 SET character_set_client = @saved_cs_client */;

--
-- Dumping data for table `USER_STATES`
--

LOCK TABLES `USER_STATES` WRITE;
/*!40000 ALTER TABLE `USER_STATES` DISABLE KEYS */;
INSERT INTO `USER_STATES` VALUES (1,'ACTIVE','Active users can use the system freely'),(3,'DISABLE','This user is unable to use the system.');
/*!40000 ALTER TABLE `USER_STATES` ENABLE KEYS */;
UNLOCK TABLES;
/*!40103 SET TIME_ZONE=@OLD_TIME_ZONE */;

/*!40101 SET SQL_MODE=@OLD_SQL_MODE */;
/*!40014 SET FOREIGN_KEY_CHECKS=@OLD_FOREIGN_KEY_CHECKS */;
/*!40014 SET UNIQUE_CHECKS=@OLD_UNIQUE_CHECKS */;
/*!40101 SET CHARACTER_SET_CLIENT=@OLD_CHARACTER_SET_CLIENT */;
/*!40101 SET CHARACTER_SET_RESULTS=@OLD_CHARACTER_SET_RESULTS */;
/*!40101 SET COLLATION_CONNECTION=@OLD_COLLATION_CONNECTION */;
/*!40111 SET SQL_NOTES=@OLD_SQL_NOTES */;

-- Dump completed on 2017-12-14  9:01:37
